品貸料率一覧,,,,,,,,,,,,,,,
（注）取引所区分「東証」の貸株超過株数は東証およびPTSの貸借残高を合算した貸株超過株数です。最高料率および前日品貸料率は１日１株・口当り、また当日品貸料率は１日１株・口当りの品貸料率に当日品貸日数を乗じて表示してあります。,,,,,,,,,,,,,,,
抽出条件,全体,,,,,,,,,,,,,,
貸借申込日,決済日,コード,銘柄名,取引所区分,決算事由,決算等,貸借値段（円）,貸株超過株数,最高料率（円）,当日品貸料率（円）,当日品貸日数,前日品貸料率（円）,備考,制限,応札倍率ランク
20260105,20260107,1306,ＮＦＴＯＰＩＸ,東証,決算,20260710,3650.00,76280,9.00,0.00,1,0.00,,,F
20260105,20260107,1308,上場ＴＯＰＩＸ,東証,決算,20260708,3607.00,18570,60.00,5.00,1,*****,,,F
20260105,20260107,1320,ｉＦ２２５年１,東証,決算,20260710,53730.00,14110,120.00,5.00,1,5.00,,,F
20260105,20260107,1321,ＮＦ日経２２５,東証,決算,20260708,53890.00,110138,120.00,5.00,1,5.00,,,E
20260105,20260107,1329,ｉＳ２２５,東証,決算,20260209,5406.00,37654,60.00,5.00,1,*****,,,F
20260105,20260107,1330,上場２２５,東証,決算,20260708,53960.00,10967,120.00,5.00,1,5.00,,,F
20260105,20260107,1346,ＭＸＳ２２５,東証,決算,20260116,53910.00,2662,120.00,5.00,1,5.00,,,F
20260105,20260107,1348,ＭＸＳトピクス,東証,決算,20260116,3636.00,752,60.00,5.00,1,*****,,,F
20260105,20260107,1358,上場日経２倍,東証,決算,20260710,86580.00,5135,360.00,5.00,1,5.00,,注意,B
20260105,20260107,135A,ＶＲＡＩＮ,東証,決算,20260228,3165.00,0,6.40,*****,*****,*****,満額,,
20260105,20260107,1364,ｉＳＪＰＸ日経４００,東証,決算,20260209,3234.00,0,60.00,*****,*****,*****,満額,,
20260105,20260107,1365,ｉＦ２２５ダブル,東証,決算,20260110,70070.00,5497,320.00,5.00,1,5.00,,,C
20260105,20260107,1367,ｉＦＴＰＸダブル,東証,決算,20260110,57320.00,0,240.00,*****,*****,*****,満額,,
20260105,20260107,1369,Ｏｎｅ・日経２２５,東証,決算,20260108,52310.00,776,240.00,5.00,1,5.00,,,F
20260105,20260107,1377,サカタのタネ,東証,決算,20260531,4320.00,0,8.80,*****,*****,*****,満額,,
20260105,20260107,1397,ＳＭＤＡＭ　２２５,東証,決算,20260408,52410.00,11,120.00,5.00,1,5.00,,,F
20260105,20260107,140A,ｉＦ米１０国債ベア,東証,決算,20260410,1955.00,25,60.00,5.00,1,*****,,,B
20260105,20260107,1418,インターライフＨＤ,東証,決算,20260228,707.00,53100,1.60,0.05,1,0.05,,,F
20260105,20260107,1419,タマホーム,東証,決算,20260228,3605.00,310200,7.40,0.15,1,0.15,,,B
20260105,20260107,141A,トライアル,東証,決算,20260630,3165.00,576700,6.40,0.15,1,0.15,,,E
20260105,20260107,1431,Ｌｉｂ　Ｗｏｒｋ,東証,決算,20260331,653.00,0,1.40,*****,*****,*****,満額,,
20260105,20260107,1433,ベステラ,東証,決算,20260131,1281.00,0,5.20,*****,*****,0.05,満額,注意,
20260105,20260107,1458,楽天２２５ダブルブル,東証,決算,20260315,54310.00,4297,120.00,5.00,1,*****,,,D
20260105,20260107,1469,４００ベア２倍,東証,決算,20260820,296.00,460,12.00,0.50,1,*****,,停止,E
20260105,20260107,1473,Ｏｎｅ・トピックス,東証,決算,20260108,3566.00,390,18.00,0.50,1,*****,,,F
20260105,20260107,1474,Ｏｎｅ・ＪＰＸ４００,東証,決算,20260108,32000.00,2,180.00,5.00,1,5.00,,,F
20260105,20260107,1475,ｉＳＴＯＰＩＸ,東証,決算,20260209,359.70,61530,6.00,0.50,1,*****,,,F
20260105,20260107,1478,ｉＳＭＳＣＩ高配当,東証,決算,20260209,4703.00,842,60.00,0.00,1,*****,,,F
20260105,20260107,1479,ｉＦＭＳＣＩ人材設備,東証,決算,20260110,43540.00,54,200.00,5.00,1,5.00,,,C
20260105,20260107,147A,ソラコム,東証,決算,20260430,1220.00,44000,2.60,0.05,1,0.05,,,E
20260105,20260107,1482,ｉＳ米国債七十円へジ,東証,決算,20260111,1638.00,0,120.00,*****,*****,*****,満額,,
20260105,20260107,1487,上場米債ヘッジあり,東証,決算,20260110,12695.00,0,140.00,*****,*****,*****,満額,,
20260105,20260107,1493,Ｏｎｅ・中小型,東証,決算,20260108,22335.00,50,160.00,5.00,1,0.00,,,E
20260105,20260107,1494,Ｏｎｅ・高配当日本株,東証,決算,20260408,39930.00,21,90.00,0.00,1,0.00,,,F
20260105,20260107,1498,Ｏｎｅ・ＥＳＧ,東証,決算,20260108,28460.00,359,160.00,5.00,1,*****,,,D
20260105,20260107,1514,住石ホールディングス,東証,決算,20260331,551.00,177100,2.40,0.05,1,0.05,,注意,E
20260105,20260107,153A,カウリス,東証,決算,20260630,1183.00,26100,2.40,0.05,1,0.05,,,E
20260105,20260107,1545,ナスダックヘッジ無,東証,決算,20260810,40100.00,2830,100.00,0.00,1,0.00,,,F
20260105,20260107,1546,ダウヘッジ無,東証,決算,20260810,74160.00,0,160.00,*****,*****,0.00,満額,,
20260105,20260107,1550,ＭＸＳ外株ＭＳＣＩ,東証,決算,20260608,7258.00,0,60.00,*****,*****,*****,満額,,
20260105,20260107,1554,上場インデＭＳ世界,東証,決算,20260120,6092.00,73,60.00,5.00,1,*****,,,F
20260105,20260107,1555,上場インデＡリート,東証,決算,20260110,2523.00,180,120.00,5.00,1,*****,,,F
20260105,20260107,155A,情報戦略テクノロジー,東証,決算,20260630,1357.00,400,5.60,0.05,1,0.05,,注意,F
20260105,20260107,1566,上場ＥＭ債,東証,決算,20260110,54630.00,0,240.00,*****,*****,*****,満額,,
20260105,20260107,1569,トピックスインバース,東証,決算,20260220,905.00,0,6.00,*****,*****,*****,満額,,
20260105,20260107,1570,ＮＦ日経レバ,東証,決算,20260520,45740.00,332436,100.00,5.00,1,*****,,,C
20260105,20260107,1573,Ｈ株インバース,東証,決算,20261204,7808.00,630,32.00,0.50,1,0.50,,注意,D
20260105,20260107,1578,上場インデ２２５ミニ,東証,決算,20260108,4180.00,2188,120.00,5.00,1,*****,,,E
20260105,20260107,1579,日経レバレッジダブル,東証,決算,20260220,491.50,1080850,6.00,0.50,1,*****,,,D
20260105,20260107,1591,ＮＦＪＰＸ４００,東証,決算,20260407,31470.00,273,90.00,5.00,1,5.00,,,F
20260105,20260107,1592,上場ＪＰＸ日経４００,東証,決算,20260108,2909.00,0,120.00,*****,*****,*****,満額,,
20260105,20260107,1593,ＭＸＳＪＰＸ４００,東証,決算,20260116,32490.00,12,90.00,5.00,1,5.00,,,F
20260105,20260107,1599,ｉＦＪＰＸ日経４００,東証,決算,20260110,32220.00,2,180.00,5.00,1,5.00,,,F
20260105,20260107,1617,ＮＦ食品Ｔ１７,東証,決算,20260715,41360.00,32,100.00,5.00,1,5.00,,,F
20260105,20260107,1618,ＮＦエネ資源Ｔ１７,東証,決算,20260715,29855.00,0,80.00,*****,*****,*****,満額,,
20260105,20260107,1619,ＮＦ建設資材Ｔ１７,東証,決算,20260715,43910.00,0,100.00,*****,*****,*****,満額,,
20260105,20260107,1620,ＮＦ素材化学Ｔ１７,東証,決算,20260715,31570.00,0,90.00,*****,*****,*****,満額,,
20260105,20260107,1622,ＮＦ自動車Ｔ１７,東証,決算,20260715,36660.00,42,90.00,5.00,1,5.00,,,F
20260105,20260107,1625,ＮＦ電機精密Ｔ１７,東証,決算,20260715,50470.00,19,120.00,5.00,1,0.00,,,F
20260105,20260107,1628,ＮＦ運輸物流Ｔ１７,東証,決算,20260715,21145.00,0,80.00,*****,*****,*****,満額,,
20260105,20260107,1630,ＮＦ小売Ｔ１７,東証,決算,20260715,37330.00,0,90.00,*****,*****,*****,満額,,
20260105,20260107,1632,ＮＦ金融Ｔ１７,東証,決算,20260715,34160.00,24,90.00,0.00,1,0.00,,,F
20260105,20260107,1633,ＮＦ不動産Ｔ１７,東証,決算,20260715,52690.00,0,120.00,*****,*****,*****,満額,,
20260105,20260107,1653,ｉＦＥＳＧセレクト,東証,決算,20260110,4580.00,340,20.00,0.50,1,*****,,,E
20260105,20260107,1656,ｉＳ米国債七十,東証,決算,20260111,318.70,0,12.00,*****,*****,*****,満額,,
20260105,20260107,1660,ＭＸＳ高利Ｊリート,東証,決算,20260110,11880.00,0,140.00,*****,*****,*****,満額,,
20260105,20260107,1663,Ｋ＆Ｏエナジー,東証,決算,20260630,3760.00,0,7.60,*****,*****,*****,満額,,
20260105,20260107,1671,ＷＴＩ原油ＥＴＦ,東証,決算,20260115,2950.00,0,120.00,*****,*****,*****,満額,,
20260105,20260107,167A,リョーサン菱洋,東証,決算,20260331,3120.00,0,6.40,*****,*****,*****,満額,,
20260105,20260107,1681,上場ＭＳエマ,東証,決算,20260120,2871.00,0,60.00,*****,*****,*****,満額,,
20260105,20260107,1720,東急建設,東証,決算,20260331,1339.00,0,2.80,*****,*****,*****,満額,,
20260105,20260107,1721,コムシスＨＤ,東証,決算,20260331,4646.00,0,9.40,*****,*****,*****,満額,,
20260105,20260107,1762,高松コンストラクシＧ,東証,決算,20260331,3995.00,30800,8.00,0.15,1,0.15,,,E
20260105,20260107,1766,東建コーポレーション,東証,決算,20260430,14600.00,6100,29.20,0.60,1,0.50,,,F
20260105,20260107,1780,ヤマウラ,東証,決算,20260331,1504.00,0,3.20,*****,*****,*****,満額,,
20260105,20260107,1786,オリエンタル白石,東証,決算,20260331,414.00,72900,1.00,0.00,1,0.00,,,F
20260105,20260107,179A,ＧＸ超長期米国債Ｈ,東証,決算,20260224,261.40,0,6.00,*****,*****,*****,満額,,
20260105,20260107,1808,長谷工コーポ,東証,決算,20260331,3104.00,21300,6.40,0.05,1,0.05,,,F
20260105,20260107,1811,銭高組,東証,決算,20260331,8200.00,0,16.40,*****,*****,*****,満額,,
20260105,20260107,1813,不動テトラ,東証,決算,20260331,2680.00,0,5.40,*****,*****,*****,満額,,
20260105,20260107,1822,大豊建設,東証,決算,20260331,789.00,0,1.60,*****,*****,*****,満額,,
20260105,20260107,1827,ナカノフドー建設,東証,決算,20260331,1189.00,0,2.40,*****,*****,*****,満額,,
20260105,20260107,1833,奥村組,東証,決算,20260331,6300.00,0,12.60,*****,*****,*****,満額,,
20260105,20260107,1860,戸田建設,東証,決算,20260331,1292.50,2200,2.60,0.00,1,0.00,,,F
20260105,20260107,186A,アストロスケール,東証,決算,20260430,691.00,0,1.40,*****,*****,*****,満額,,
20260105,20260107,1871,ピーエス,東証,決算,20260331,2876.00,0,5.80,*****,*****,*****,満額,,
20260105,20260107,1879,新日本建設,東証,決算,20260331,2011.00,0,4.20,*****,*****,*****,満額,,
20260105,20260107,1887,日本国土開発,東証,決算,20260531,548.00,0,1.20,*****,*****,*****,満額,,
20260105,20260107,1899,福田組,東証,決算,20260630,7600.00,9100,15.20,0.15,1,0.15,,,F
20260105,20260107,1930,北陸電気工事,東証,決算,20260331,1503.00,0,3.20,*****,*****,*****,満額,,
20260105,20260107,1934,ユアテック,東証,決算,20260331,2786.00,0,5.60,*****,*****,*****,満額,,
20260105,20260107,1944,きんでん,東証,決算,20260331,7011.00,0,14.20,*****,*****,*****,満額,,
20260105,20260107,1945,東京エネシス,東証,決算,20260331,1890.00,0,3.80,*****,*****,*****,満額,,
20260105,20260107,1964,中外炉工業,東証,決算,20260331,4350.00,0,8.80,*****,*****,*****,満額,,
20260105,20260107,1965,テクノ菱和,東証,決算,20260331,6870.00,0,13.80,*****,*****,*****,満額,,
20260105,20260107,1967,ヤマト,東証,決算,20260320,2110.00,0,4.40,*****,*****,0.00,満額,,
20260105,20260107,1968,太平電業,東証,決算,20260331,2188.00,15100,4.40,0.05,1,0.05,,,F
20260105,20260107,1976,明星工業,東証,決算,20260331,1720.00,26300,3.60,0.10,1,0.10,,,F
20260105,20260107,197A,タウンズ,東証,決算,20260331,507.00,0,1.20,*****,*****,*****,満額,,
20260105,20260107,1982,日比谷総合設備,東証,決算,20260331,4835.00,11600,9.80,0.20,1,0.20,,,F
20260105,20260107,2001,ニップン,東証,決算,20260331,2410.00,0,5.00,*****,*****,*****,満額,,
20260105,20260107,2002,日清製粉グループ本社,東証,決算,20260331,1917.00,0,4.00,*****,*****,*****,満額,,
20260105,20260107,2003,日東富士製粉,東証,決算,20260331,7100.00,1400,14.20,0.00,1,0.00,,,F
20260105,20260107,2004,昭和産業,東証,決算,20260331,3050.00,31500,6.20,0.10,1,0.10,,,F
20260105,20260107,200A,日経半導体株ＥＴＦ,東証,決算,20260407,2505.00,0,60.00,*****,*****,*****,満額,,
20260105,20260107,2053,中部飼料,東証,決算,20260331,1733.00,200,3.60,0.00,1,*****,,,F
20260105,20260107,2085,ＭＸ高配日株ア,東証,決算,20260110,700.80,0,12.00,*****,*****,*****,満額,,
20260105,20260107,2098,ＧＸホテリテＪリート,東証,決算,20260224,1137.00,0,120.00,*****,*****,*****,満額,注意,
20260105,20260107,2114,フジ日本,東証,決算,20260331,608.00,0,1.40,*****,*****,*****,満額,,
20260105,20260107,2117,ウェルネオシュガー,東証,決算,20260331,2803.00,0,5.80,*****,*****,*****,満額,,
20260105,20260107,2127,日本Ｍ＆Ａ,東証,決算,20260331,725.50,0,1.60,*****,*****,*****,満額,,
20260105,20260107,2138,クルーズ,東証,決算,20260331,549.00,0,1.20,*****,*****,*****,満額,,
20260105,20260107,2139,中広,東証,決算,20260331,421.00,0,1.00,*****,*****,*****,満額,,
20260105,20260107,213A,上場日経半導体,東証,決算,20260108,232.00,0,12.00,*****,*****,*****,満額,,
20260105,20260107,215A,タイミー,東証,決算,20260430,1310.00,1303100,5.60,0.05,1,0.05,,注意,D
20260105,20260107,2160,ジーエヌアイグループ,東証,決算,20260331,2290.00,55900,4.60,0.00,1,0.00,,,F
20260105,20260107,2168,パソナグループ,東証,決算,20260531,2029.00,20700,4.20,0.05,1,0.05,,,F
20260105,20260107,2169,ＣＤＳ,東証,決算,20260630,1808.00,0,3.80,*****,*****,*****,満額,,
20260105,20260107,2173,博展,東証,決算,20260630,872.00,0,1.80,*****,*****,*****,満額,,
20260105,20260107,2193,クックパッド,東証,決算,20260630,146.00,0,1.00,*****,*****,*****,満額,,
20260105,20260107,2198,アイ・ケイ・ケイＨＤ,東証,決算,20260430,795.00,0,1.60,*****,*****,*****,満額,,
20260105,20260107,219A,Ｈｅａｒｔｓｅｅｄ,東証,決算,20260630,1805.00,363600,7.60,0.10,1,0.10,,停止,B
20260105,20260107,2201,森永製菓,東証,決算,20260331,2666.50,0,5.40,*****,*****,*****,満額,,
20260105,20260107,2204,中村屋,東証,決算,20260331,3085.00,0,6.20,*****,*****,*****,満額,,
20260105,20260107,2206,江崎グリコ,東証,決算,20260630,5363.00,47400,10.80,0.25,1,0.25,,,E
20260105,20260107,2207,ｍｅｉｔｏ,東証,決算,20260331,2464.00,26200,5.00,0.00,1,0.00,,,F
20260105,20260107,2211,不二家,東証,決算,20260630,2492.00,28000,5.00,0.05,1,0.10,,,F
20260105,20260107,2216,カンロ,東証,決算,20260630,1665.00,0,3.40,*****,*****,*****,満額,,
20260105,20260107,2217,モロゾフ,東証,決算,20260131,1552.00,34300,3.20,0.05,1,0.05,,,F
20260105,20260107,221A,ＭＸＳ日経半導体株,東証,決算,20260126,654.30,3720,6.00,0.50,1,0.00,,,E
20260105,20260107,2222,寿スピリッツ,東証,決算,20260331,1810.00,0,3.80,*****,*****,*****,満額,,
20260105,20260107,2226,湖池屋,東証,決算,20260331,4630.00,1400,9.40,0.20,1,0.20,,,F
20260105,20260107,2229,カルビー,東証,決算,20260331,2985.00,7600,6.00,0.05,1,0.00,,,F
20260105,20260107,2259,ｉＳフランス国債ヘジ,東証,決算,20260111,188.20,0,12.00,*****,*****,*****,満額,,
20260105,20260107,2264,森永乳業,東証,決算,20260331,3758.00,100,7.60,0.00,1,*****,,,F
20260105,20260107,2266,六甲バター,東証,決算,20260630,1190.00,30100,2.40,0.05,1,0.05,,,E
20260105,20260107,2270,雪印メグミルク,東証,決算,20260331,3250.00,3800,6.60,0.05,1,0.00,,,F
20260105,20260107,2282,日本ハム,東証,決算,20260331,6633.00,28200,13.40,0.25,1,0.15,,,F
20260105,20260107,2288,丸大食品,東証,決算,20260331,2185.00,4300,4.40,0.05,1,0.05,,,F
20260105,20260107,2291,福留ハム,東証,決算,20260331,618.00,11900,1.40,0.00,1,0.00,,,F
20260105,20260107,2292,エス　フーズ,東証,決算,20260228,2724.00,0,5.60,*****,*****,*****,満額,,
20260105,20260107,2294,柿安本店,東証,決算,20260430,2689.00,62800,5.40,0.05,1,0.10,,,E
20260105,20260107,2296,伊藤ハム米久ＨＤ,東証,決算,20260331,5680.00,16300,11.40,0.20,1,0.15,,,F
20260105,20260107,2305,スタジオアリス,東証,決算,20260228,2018.00,5100,4.20,0.05,1,0.00,,,F
20260105,20260107,2315,ＣＡＩＣＡ　Ｄ,東証,決算,20260430,102.00,20700,2.00,0.05,1,*****,,注意,F
20260105,20260107,2325,ＮＪＳ,東証,決算,20260630,5060.00,8200,10.20,0.00,1,0.20,,,F
20260105,20260107,2327,日鉄ソリューションズ,東証,決算,20260331,4378.00,1600,8.80,0.00,1,0.00,,,F
20260105,20260107,2335,キューブシステム,東証,決算,20260331,1109.00,0,2.40,*****,*****,*****,満額,,
20260105,20260107,2337,いちご,東証,決算,20260228,441.00,129800,1.00,0.00,1,*****,,,F
20260105,20260107,236A,ｉＳ日本国債七十,東証,決算,20260111,459.70,300,24.00,0.50,1,*****,,注意,F
20260105,20260107,2378,ルネサンス,東証,決算,20260331,1086.00,0,2.20,*****,*****,*****,満額,,
20260105,20260107,2389,デジタルＨＤ,東証,臨時,20260115,2014.00,34800,16.80,0.05,1,0.10,,停止,D
20260105,20260107,2404,鉄人化ＨＤ,東証,決算,20260228,494.00,0,1.00,*****,*****,*****,満額,,
20260105,20260107,241A,ＲＯＸＸ,東証,決算,20260331,446.00,0,1.00,*****,*****,*****,満額,,
20260105,20260107,2433,博報堂ＤＹＨＤ,東証,決算,20260331,1168.50,5700,2.40,0.05,1,0.00,,,F
20260105,20260107,2438,アスカネット,東証,決算,20260430,364.00,0,1.00,*****,*****,*****,満額,,
20260105,20260107,2440,ぐるなび,東証,決算,20260331,166.00,84200,1.00,0.00,1,0.05,,,F
20260105,20260107,2461,ファンコミュニ,東証,決算,20260630,506.00,3000,1.20,0.00,1,0.00,,,F
20260105,20260107,2475,ＷＤＢＨＤ,東証,決算,20260331,1632.00,0,3.40,*****,*****,*****,満額,,
20260105,20260107,2477,手間いらず,東証,決算,20260630,3150.00,0,6.40,*****,*****,*****,満額,,
20260105,20260107,2484,出前館,東証,決算,20260228,132.00,0,1.00,*****,*****,*****,満額,,
20260105,20260107,2489,アドウェイズ,東証,決算,20260630,262.00,0,1.00,*****,*****,*****,満額,,
20260105,20260107,2491,バリューコマース,東証,決算,20260630,664.00,142600,1.40,0.00,1,0.00,,,F
20260105,20260107,2492,インフォマート,東証,決算,20260630,407.00,0,1.00,*****,*****,*****,満額,,
20260105,20260107,2497,ユナイテッド,東証,決算,20260331,507.00,107400,1.20,0.00,1,0.05,,,E
20260105,20260107,2501,サッポロＨＤ,東証,決算,20260630,1664.50,447100,3.40,0.10,1,0.10,,,F
20260105,20260107,2510,ＮＦ国内債券,東証,決算,20260307,839.00,640,6.00,0.00,1,0.00,,,F
20260105,20260107,2511,ＮＦ外債ヘッジ無,東証,決算,20260307,1186.50,0,7.00,*****,*****,*****,満額,,
20260105,20260107,2513,ＮＦ外株ヘッジ無,東証,決算,20260307,3212.00,278,60.00,0.00,1,0.00,,,F
20260105,20260107,2514,ＮＦ外株ヘッジ有,東証,決算,20260307,1870.00,0,60.00,*****,*****,0.00,満額,,
20260105,20260107,2516,東証グロース２５０,東証,決算,20260708,534.60,247310,6.00,0.50,1,0.00,,,E
20260105,20260107,2517,ＭＸＳＪリートコア,東証,決算,20260210,1223.00,0,7.00,*****,*****,*****,満額,,
20260105,20260107,2521,上場米国ヘッジあり,東証,決算,20260120,1995.00,0,60.00,*****,*****,*****,満額,,
20260105,20260107,2525,ＮＺＡＭ　２２５,東証,決算,20260215,53190.00,39,120.00,5.00,1,5.00,,,E
20260105,20260107,2528,ｉＦＪリートコア,東証,決算,20260310,1221.00,0,60.00,*****,*****,*****,満額,,
20260105,20260107,2531,宝ホールディングス,東証,決算,20260331,1620.00,63700,3.40,0.05,1,0.05,,,F
20260105,20260107,2533,オエノンＨＤ,東証,決算,20260630,497.00,2300,1.00,0.00,1,0.00,,,F
20260105,20260107,2555,東証ＲＥＩＴ－ＥＴＦ,東証,決算,20260112,2096.50,0,16.00,*****,*****,*****,満額,,
20260105,20260107,2556,Ｏｎｅ・Ｊリート,東証,決算,20260108,2088.50,2370,16.00,0.50,1,*****,,,F
20260105,20260107,2557,ＳＭＤＡＭトピックス,東証,決算,20260408,3517.00,180,9.00,0.50,1,0.50,,,E
20260105,20260107,2558,ＭＸＳ米株ＳＰ５００,東証,臨時,20260608,31020.00,0,90.00,*****,*****,*****,満額,,
20260105,20260107,2559,ＭＸＳ全世界株式,東証,臨時,20260608,26420.00,0,80.00,*****,*****,*****,満額,,
20260105,20260107,2561,ｉＳ日本国債,東証,決算,20260111,2107.00,1577,120.00,0.00,1,0.00,,,F
20260105,20260107,2562,上場ダウヘッジあり,東証,決算,20260108,3452.00,1309,120.00,0.00,1,0.00,,,F
20260105,20260107,2563,ｉＳＳＰ５百米株ヘジ,東証,決算,20260209,372.00,183170,6.00,0.00,1,0.50,,,E
20260105,20260107,2567,ＮＺＡＭ　カーボン,東証,決算,20260215,468.60,270,6.00,0.50,1,0.50,,,E
20260105,20260107,256A,飛島ホールディングス,東証,決算,20260331,2357.00,0,4.80,*****,*****,*****,満額,,
20260105,20260107,2579,コカ・コーラＢＪＨ,東証,決算,20260331,3163.00,27900,6.40,0.00,1,0.00,,,F
20260105,20260107,2587,サントリー食品インタ,東証,決算,20260331,4745.00,0,9.60,*****,*****,*****,満額,,
20260105,20260107,2590,ＤｙＤｏ,東証,決算,20260120,2521.00,34100,5.20,0.05,1,0.10,,,F
20260105,20260107,2594,キーコーヒー,東証,決算,20260331,2006.00,37400,4.20,0.05,1,0.05,,,F
20260105,20260107,2602,日清オイリオグループ,東証,決算,20260331,5300.00,15800,10.60,0.20,1,0.20,,,F
20260105,20260107,2613,Ｊ－オイルミルズ,東証,決算,20260331,2021.00,20100,4.20,0.10,1,0.10,,,F
20260105,20260107,2620,ｉＳ米国債一三,東証,決算,20260111,368.00,470,12.00,0.00,1,0.00,,,F
20260105,20260107,2625,ｉＦＴＰＸ年４,東証,決算,20260110,3530.00,129,120.00,5.00,1,*****,,,F
20260105,20260107,2631,ＭＸＳナス１００,東証,決算,20260608,28465.00,0,80.00,*****,*****,*****,満額,,
20260105,20260107,2634,Ｓ＆Ｐ５００ヘッジ有,東証,決算,20260310,2903.00,0,120.00,*****,*****,*****,満額,注意,
20260105,20260107,2636,ＧＸガバナンス日株,東証,決算,20260324,4160.00,22,60.00,5.00,1,5.00,,,F
20260105,20260107,2637,ＧＸクリーン日株,東証,決算,20260324,1970.00,0,60.00,*****,*****,*****,満額,,
20260105,20260107,2644,ＧＸ半導体日株,東証,決算,20260424,2719.00,0,60.00,*****,*****,*****,満額,,
20260105,20260107,2648,米債７－１０ヘッジ有,東証,決算,20260307,3525.00,0,120.00,*****,*****,*****,満額,注意,
20260105,20260107,2652,まんだらけ,東証,決算,20260331,353.00,0,1.00,*****,*****,*****,満額,,
20260105,20260107,2664,カワチ薬品,東証,決算,20260315,3025.00,25700,6.20,0.15,1,0.15,,,F
20260105,20260107,2676,高千穂交易,東証,決算,20260331,2090.00,84300,8.40,0.10,1,0.10,,注意,E
20260105,20260107,2692,伊藤忠食品,東証,決算,20260331,11350.00,2600,22.80,0.40,1,*****,,,F
20260105,20260107,2702,日本マクドナルドＨＤ,東証,決算,20260630,6330.00,8300,12.80,0.15,1,0.25,,,F
20260105,20260107,2705,大戸屋ＨＤ,東証,決算,20260331,5950.00,0,24.00,*****,*****,*****,満額,注意,
20260105,20260107,2734,サーラコーポ,東証,決算,20260531,1130.00,19700,2.40,0.05,1,0.05,,,F
20260105,20260107,2749,ＪＰホールディングス,東証,決算,20260331,724.00,48800,1.60,0.00,1,0.00,,,F
20260105,20260107,2751,テンポスＨＤ,東証,決算,20260430,3645.00,0,7.40,*****,*****,*****,満額,,
20260105,20260107,2752,フジオフードＧ本社,東証,決算,20260630,1113.00,308900,2.40,0.05,1,0.05,,,E
20260105,20260107,2760,東京エレクトロンデバ,東証,決算,20260331,3435.00,0,7.00,*****,*****,*****,満額,,
20260105,20260107,2784,アルフレッサＨＤ,東証,決算,20260331,2459.50,4600,5.00,0.05,1,0.05,,,F
20260105,20260107,2791,大黒天物産,東証,決算,20260531,5670.00,0,11.40,*****,*****,*****,満額,,
20260105,20260107,2792,ハニーズＨＬＤ,東証,決算,20260531,1525.00,4400,3.20,0.05,1,0.05,,,F
20260105,20260107,2804,ブルドックソース,東証,決算,20260331,1866.00,19400,3.80,0.10,1,0.05,,,F
20260105,20260107,2809,キユーピー,東証,決算,20260531,4315.00,34300,8.80,0.10,1,0.10,,,F
20260105,20260107,2810,ハウス食品Ｇ本社,東証,決算,20260331,2907.50,61700,6.00,0.15,1,0.10,,,F
20260105,20260107,2811,カゴメ,東証,決算,20260630,2681.00,0,5.40,*****,*****,*****,満額,,
20260105,20260107,2816,ダイショー,東証,決算,20260331,1410.00,0,3.00,*****,*****,*****,満額,,
20260105,20260107,2818,ピエトロ,東証,決算,20260331,1749.00,0,3.60,*****,*****,*****,満額,,
20260105,20260107,2819,エバラ食品工業,東証,決算,20260331,2512.00,1500,5.20,0.05,1,0.05,,,F
20260105,20260107,2840,ｉＦナス１００Ｈ無,東証,決算,20260310,2292.00,0,60.00,*****,*****,*****,満額,,
20260105,20260107,2846,ダウヘッジ有,東証,決算,20260210,2387.00,0,120.00,*****,*****,*****,満額,停止,
20260105,20260107,2851,ｉＳＭＳＣＩＪＳＲＩ,東証,決算,20260209,342.00,10,6.00,0.50,1,*****,,,E
20260105,20260107,2852,ｉＳグリーンＪリート,東証,決算,20260209,198.10,0,6.00,*****,*****,*****,満額,,
20260105,20260107,2866,ＧＸ優先証券,東証,決算,20260110,1015.00,0,120.00,*****,*****,*****,満額,,
20260105,20260107,2871,ニチレイ,東証,決算,20260331,1864.50,0,3.80,*****,*****,*****,満額,,
20260105,20260107,2874,横浜冷凍,東証,決算,20260331,1260.00,66700,2.60,0.05,1,0.05,,,F
20260105,20260107,2875,東洋水産,東証,決算,20260331,10825.00,14000,21.80,0.40,1,0.40,,,F
20260105,20260107,2882,イートアンドＨＤ,東証,決算,20260228,2022.00,5600,4.20,0.05,1,0.05,,,F
20260105,20260107,2884,ヨシムラフードＨＤ,東証,決算,20260228,712.00,4100,1.60,0.00,1,*****,,,F
20260105,20260107,2904,一正蒲鉾,東証,決算,20260630,746.00,8500,1.60,0.05,1,0.05,,,F
20260105,20260107,2908,フジッコ,東証,決算,20260331,1585.00,33100,3.20,0.10,1,0.10,,,F
20260105,20260107,2910,ロック・フィールド,東証,決算,20260430,1357.00,141800,2.80,0.10,1,0.05,,,E
20260105,20260107,2915,ケンコーマヨネーズ,東証,決算,20260331,1898.00,10000,3.80,0.05,1,0.05,,,F
20260105,20260107,2922,なとり,東証,決算,20260331,1915.00,13000,4.00,0.05,1,0.05,,,F
20260105,20260107,2929,ファーマフーズ,東証,決算,20260131,666.00,2900,1.40,0.00,1,0.00,,,F
20260105,20260107,2930,北の達人コーポ,東証,決算,20260228,140.00,173300,1.00,0.00,1,0.00,,,F
20260105,20260107,2931,ユーグレナ,東証,決算,20260630,397.00,0,1.00,*****,*****,*****,満額,,
20260105,20260107,2933,紀文食品,東証,決算,20260331,1078.00,8400,2.20,0.05,1,0.05,,,F
20260105,20260107,2936,ベースフード,東証,決算,20260228,320.00,183600,1.00,0.05,1,0.05,,,D
20260105,20260107,2937,サンクゼール,東証,決算,20260331,1671.00,11600,3.40,0.10,1,0.10,,,D
20260105,20260107,2938,オカムラ食品工業,東証,決算,20260630,1049.00,82200,2.20,0.00,1,*****,,,D
20260105,20260107,2975,スター・マイカＨＤ,東証,決算,20260531,1355.00,0,2.80,*****,*****,*****,満額,,
20260105,20260107,2982,ＡＤワークスグループ,東証,決算,20260331,417.00,0,1.00,*****,*****,*****,満額,,
20260105,20260107,3001,片倉工業,東証,決算,20260630,2851.00,12500,5.80,0.10,1,0.10,,,F
20260105,20260107,3002,グンゼ,東証,決算,20260331,4370.00,0,8.80,*****,*****,*****,満額,,
20260105,20260107,3003,ヒューリック,東証,決算,20260331,1733.50,97600,3.60,0.00,1,0.00,,,F
20260105,20260107,3028,アルペン,東証,決算,20260630,2297.00,8600,4.60,0.05,1,0.05,,,F
20260105,20260107,3031,ラクーンＨＤ,東証,決算,20260430,649.00,97400,1.40,0.00,1,0.00,,,F
20260105,20260107,3036,アルコニックス,東証,決算,20260331,2577.00,0,5.20,*****,*****,*****,満額,,
20260105,20260107,3041,ビューティカダンＨＤ,東証,決算,20260630,447.00,0,1.00,*****,*****,*****,満額,,
20260105,20260107,3042,セキュアヴェイル,東証,決算,20260331,344.00,0,1.00,*****,*****,*****,満額,,
20260105,20260107,3048,ビックカメラ,東証,決算,20260228,1684.50,19200,3.40,0.05,1,0.05,,,F
20260105,20260107,3050,ＤＣＭＨＤ,東証,決算,20260228,1627.00,9500,3.40,0.05,1,0.00,,,F
20260105,20260107,3053,ペッパーフドサビス,東証,決算,20260630,174.00,0,2.00,*****,*****,0.05,満額,注意,
20260105,20260107,3058,三洋堂ＨＤ,東証,決算,20260331,679.00,2200,1.40,0.05,1,0.05,,,D
20260105,20260107,3059,ヒラキ,東証,決算,20260331,834.00,0,1.80,*****,*****,*****,満額,,
20260105,20260107,3063,ジェイグループＨＤ,東証,決算,20260228,817.00,0,1.80,*****,*****,*****,満額,,
20260105,20260107,3067,東京一番フーズ,東証,決算,20260331,444.00,2800,1.00,0.00,1,*****,,,F
20260105,20260107,3069,ＪＦＬＡＨＤ,東証,決算,20260331,153.00,0,1.00,*****,*****,*****,満額,,
20260105,20260107,3076,あいホールディングス,東証,決算,20260630,2817.00,0,5.80,*****,*****,*****,満額,,
20260105,20260107,3079,ディーブイエックス,東証,決算,20260331,1190.00,22200,2.40,0.00,1,*****,,,D
20260105,20260107,3082,きちりＨＤ,東証,決算,20260630,920.00,36600,2.00,0.05,1,0.05,,,D
20260105,20260107,3086,Ｊ．フロントリテイリ,東証,決算,20260228,2213.00,26800,4.60,0.05,1,0.05,,,F
20260105,20260107,3087,ドトール・日レスＨＤ,東証,決算,20260228,2594.00,10900,5.20,0.05,1,0.05,,,F
20260105,20260107,3092,ＺＯＺＯ,東証,決算,20260331,1279.00,53400,2.60,0.00,1,0.05,,,F
20260105,20260107,3101,東洋紡,東証,決算,20260331,1261.00,0,2.60,*****,*****,0.00,満額,,
20260105,20260107,3103,ユニチカ,東証,決算,20260331,291.00,0,1.00,*****,*****,*****,満額,,
20260105,20260107,3104,富士紡ＨＤ,東証,決算,20260331,8360.00,0,16.80,*****,*****,0.05,満額,,
20260105,20260107,3106,倉敷紡績,東証,決算,20260331,9060.00,17900,18.20,0.35,1,0.35,,,D
20260105,20260107,3107,ダイワボウＨＤ,東証,決算,20260331,3134.00,0,6.40,*****,*****,*****,満額,,
20260105,20260107,3116,トヨタ紡織,東証,決算,20260331,2537.00,4900,5.20,0.00,1,0.00,,,F
20260105,20260107,3134,Ｈａｍｅｅ,東証,決算,20260430,473.00,31300,1.00,0.05,1,0.05,,,F
20260105,20260107,3139,ラクト・ジャパン,東証,決算,20260531,3465.00,0,7.00,*****,*****,*****,満額,,
20260105,20260107,3140,ＢＲＵＮＯ,東証,決算,20260630,1010.00,17300,2.20,0.05,1,0.05,,,F
20260105,20260107,3148,クリエイトＳＤＨＤ,東証,決算,20260531,3340.00,0,6.80,*****,*****,*****,満額,,
20260105,20260107,3150,グリムス,東証,決算,20260331,2461.00,0,5.00,*****,*****,*****,満額,,
20260105,20260107,3154,メディアスＨＤ,東証,決算,20260331,814.00,0,1.80,*****,*****,*****,満額,,
20260105,20260107,3159,丸善ＣＨＩＨＤ,東証,決算,20260131,337.00,0,1.00,*****,*****,*****,満額,,
20260105,20260107,3160,大光,東証,決算,20260531,559.00,23100,1.20,0.05,1,0.05,,,D
20260105,20260107,3172,ティーライフ,東証,決算,20260131,1170.00,800,4.80,0.05,1,*****,,注意,F
20260105,20260107,3176,三洋貿易,東証,決算,20260331,1508.00,0,3.20,*****,*****,*****,満額,,
20260105,20260107,3178,チムニー,東証,決算,20260331,1266.00,13600,2.60,0.05,1,0.05,,,F
20260105,20260107,3179,シュッピン,東証,決算,20260331,1157.00,0,2.40,*****,*****,*****,満額,,
20260105,20260107,3180,ビューティガレージ,東証,決算,20260131,1567.00,0,3.20,*****,*****,*****,満額,,
20260105,20260107,3182,オイラ大地,東証,決算,20260331,1484.00,15400,3.00,0.05,1,0.05,,,F
20260105,20260107,3183,ウイン・パートナーズ,東証,決算,20260331,1330.00,0,2.80,*****,*****,*****,満額,,
20260105,20260107,3187,ミラタップ,東証,決算,20260331,252.00,0,1.00,*****,*****,*****,満額,,
20260105,20260107,3191,ジョイフル本田,東証,決算,20260620,2124.00,13500,4.40,0.00,1,0.00,,,F
20260105,20260107,3195,ジェネレーションパス,東証,決算,20260430,555.00,0,2.40,*****,*****,*****,満額,停止,
20260105,20260107,3196,ホットランドＨＤ,東証,決算,20260630,1979.00,93000,4.00,0.10,1,0.10,,,F
20260105,20260107,3197,すかいらーくＨＤ,東証,決算,20260331,3326.00,129200,6.80,0.10,1,0.15,,,F
20260105,20260107,3199,綿半ホールディングス,東証,決算,20260331,1472.00,0,3.00,*****,*****,*****,満額,,
20260105,20260107,3201,日本毛織,東証,決算,20260531,1792.00,96200,3.60,0.05,1,0.10,,,D
20260105,20260107,3205,ダイドーリミテッド,東証,決算,20260331,1214.00,0,2.60,*****,*****,*****,満額,,
20260105,20260107,3221,ヨシックスＨＤ,東証,決算,20260331,2978.00,22700,6.00,0.10,1,0.10,,,F
20260105,20260107,3226,Ｒ－三井不アコモ,東証,決算,20260228,135400.00,162,280.00,5.00,1,5.00,,,F
20260105,20260107,3234,Ｒ－森ヒルズ,東証,決算,20260131,149700.00,477,300.00,0.00,1,0.00,,,F
20260105,20260107,3242,アーバネット,東証,決算,20260331,572.00,0,1.20,*****,*****,*****,満額,,
20260105,20260107,3245,ディア・ライフ,東証,決算,20260331,1123.00,0,2.40,*****,*****,*****,満額,,
20260105,20260107,325A,ＴＥＮＴＩＡＬ,東証,決算,20260228,4490.00,0,9.00,*****,*****,*****,満額,,
20260105,20260107,3269,Ｒ－ＡＤＲ,東証,決算,20260131,172700.00,45,360.00,0.00,1,0.00,,,F
20260105,20260107,3279,アクティビア・プロパ,東証,決算,20260531,141300.00,0,300.00,*****,*****,5.00,満額,,
20260105,20260107,3282,コンフォリアレジデン,東証,臨時,20260131,333500.00,0,680.00,*****,*****,*****,満額,,
20260105,20260107,3288,オープンハウスＧ,東証,決算,20260331,9064.00,36900,18.20,0.35,1,0.35,,,F
20260105,20260107,3289,東急不動産ＨＤ,東証,決算,20260331,1426.50,0,3.00,*****,*****,0.00,満額,,
20260105,20260107,3291,飯田グループＨＤ,東証,決算,20260331,2530.00,2300,5.20,0.05,1,*****,,,F
20260105,20260107,3295,ヒューリックリート,東証,決算,20260228,177400.00,37,360.00,5.00,1,5.00,,,F
20260105,20260107,3302,帝国繊維,東証,決算,20260331,3200.00,13600,6.40,0.15,1,0.15,,,F
20260105,20260107,3315,日本コークス工業,東証,決算,20260331,111.00,218500,1.00,0.00,1,0.00,,,F
20260105,20260107,3329,東和フードサービス,東証,決算,20260430,2099.00,0,4.20,*****,*****,*****,満額,,
20260105,20260107,3333,あさひ,東証,決算,20260220,1302.00,4500,2.80,0.00,1,0.00,,,F
20260105,20260107,3360,シップヘルスケアＨＤ,東証,決算,20260331,2636.00,3400,5.40,0.05,1,0.05,,,F
20260105,20260107,3371,ソフトクリエイトＨＤ,東証,決算,20260331,2184.00,800,4.40,0.00,1,0.00,,,F
20260105,20260107,3386,コスモ・バイオ,東証,決算,20260630,1304.00,0,2.80,*****,*****,*****,満額,,
20260105,20260107,3387,クリエイトレストラン,東証,決算,20260228,775.00,0,1.60,*****,*****,0.00,満額,,
20260105,20260107,3388,明治電機工業,東証,決算,20260331,2395.00,0,4.80,*****,*****,*****,満額,,
20260105,20260107,3399,丸千代山岡家,東証,決算,20260131,3125.00,0,6.40,*****,*****,*****,満額,,
20260105,20260107,3401,帝人,東証,決算,20260331,1341.50,0,2.80,*****,*****,*****,満額,,
20260105,20260107,3407,旭化成,東証,決算,20260331,1420.00,0,3.00,*****,*****,*****,満額,,
20260105,20260107,3431,宮地エンジニアリング,東証,決算,20260331,1873.00,0,3.80,*****,*****,*****,満額,,
20260105,20260107,3433,トーカロ,東証,決算,20260331,2229.00,0,4.60,*****,*****,*****,満額,,
20260105,20260107,3443,川田テクノロジーズ,東証,決算,20260331,4400.00,0,8.80,*****,*****,*****,満額,,
20260105,20260107,3444,菊池製作所,東証,決算,20260430,721.00,7100,3.20,0.05,1,0.05,,停止,F
20260105,20260107,3446,ＪＴＥＣＣＯＲＰ,東証,決算,20260630,1220.00,200,2.60,0.00,1,0.00,,,F
20260105,20260107,3454,ファーストブラザーズ,東証,決算,20260228,1209.00,4500,2.60,0.05,1,0.05,,,F
20260105,20260107,3462,野村不動産マスターＦ,東証,決算,20260228,172800.00,8,360.00,0.00,1,0.00,,,F
20260105,20260107,3471,三井不ロジパーク,東証,決算,20260131,122900.00,252,260.00,0.00,1,0.00,,,F
20260105,20260107,3475,グッドコムアセット,東証,決算,20260430,1250.00,136200,2.60,0.05,1,0.05,,,F
20260105,20260107,3479,ティーケーピー,東証,決算,20260228,1845.00,30400,3.80,0.00,1,0.00,,,F
20260105,20260107,3480,ジェイ・エス・ビー,東証,決算,20260430,3465.00,8300,7.00,0.15,1,0.15,,,E
20260105,20260107,3484,イノベーションＨＤ,東証,決算,20260331,1199.00,0,2.40,*****,*****,*****,満額,,
20260105,20260107,348A,ＭＸＳ読売３３３日株,東証,決算,20260126,253.00,1940,6.00,0.50,1,*****,,,D
20260105,20260107,3498,霞ヶ関キャピタル,東証,決算,20260228,7420.00,0,15.00,*****,*****,*****,満額,,
20260105,20260107,349A,ＳＭＤＡＭ日本グロ株,東証,決算,20260220,655.50,10,6.00,0.50,1,0.50,,,D
20260105,20260107,3529,アツギ,東証,決算,20260331,1246.00,0,2.60,*****,*****,*****,満額,,
20260105,20260107,3542,ベガコーポレーション,東証,決算,20260331,1580.00,9200,3.20,0.05,1,0.00,,,F
20260105,20260107,3547,串カツ田中,東証,決算,20260531,1972.00,30700,4.00,0.05,1,0.05,,,F
20260105,20260107,3548,バロック,東証,決算,20260228,786.00,0,1.60,*****,*****,*****,満額,,
20260105,20260107,3549,クスリのアオキＨＤ,東証,臨時,20260109,4530.00,110400,18.40,0.10,1,0.10,,,E
20260105,20260107,3553,共和レザー,東証,決算,20260331,1058.00,13900,2.20,0.00,1,0.05,,,F
20260105,20260107,3559,ピーバンドットコム,東証,決算,20260331,487.00,0,1.00,*****,*****,*****,満額,,
20260105,20260107,3561,力の源ＨＤ,東証,決算,20260331,1405.00,181700,3.00,0.10,1,0.10,,,D
20260105,20260107,3563,Ｆ＆ＬＣ,東証,決算,20260331,8333.00,29900,16.80,0.20,1,*****,,,F
20260105,20260107,3591,ワコールＨＤ,東証,決算,20260331,4470.00,73100,9.00,0.20,1,0.15,,,F
20260105,20260107,3608,ＴＳＩＨＤ,東証,決算,20260228,1067.00,0,2.20,*****,*****,*****,満額,,
20260105,20260107,3612,ワールド,東証,臨時,20260228,3045.00,0,6.20,*****,*****,*****,満額,,
20260105,20260107,3626,ＴＩＳ,東証,決算,20260331,5177.00,13300,10.40,0.00,1,0.00,,,F
20260105,20260107,3636,三菱総合研究所,東証,決算,20260331,4925.00,0,10.00,*****,*****,0.00,満額,,
20260105,20260107,3639,ボルテージ,東証,決算,20260630,262.00,4200,2.00,0.05,1,0.05,,注意,F
20260105,20260107,3649,ファインデックス,東証,決算,20260630,915.00,0,2.00,*****,*****,*****,満額,,
20260105,20260107,3653,モルフォ,東証,決算,20260430,779.00,0,1.60,*****,*****,*****,満額,,
20260105,20260107,3656,ＫＬａｂ,東証,決算,20260630,352.00,0,2.00,*****,*****,0.05,満額,注意,
20260105,20260107,3657,ポールＨＤ,東証,決算,20260131,326.00,600,1.00,0.00,1,0.00,,,F
20260105,20260107,3659,ネクソン,東証,決算,20260630,3997.00,60000,8.00,0.10,1,0.10,,,E
20260105,20260107,3662,エイチームＨＤ,東証,決算,20260131,1237.00,200,2.60,0.00,1,0.00,,,F
20260105,20260107,3663,セルシス,東証,決算,20260630,1607.00,0,3.40,*****,*****,*****,満額,,
20260105,20260107,3665,エニグモ,東証,決算,20260131,471.00,0,1.00,*****,*****,*****,満額,,
20260105,20260107,3668,コロプラ,東証,決算,20260331,432.00,0,1.00,*****,*****,*****,満額,,
20260105,20260107,3673,ブロードリーフ,東証,決算,20260630,731.00,129900,1.60,0.05,1,0.05,,,F
20260105,20260107,3679,じげん,東証,決算,20260331,478.00,0,1.00,*****,*****,*****,満額,,
20260105,20260107,3680,ホットリンク,東証,決算,20260630,255.00,0,1.00,*****,*****,*****,満額,,
20260105,20260107,3686,ディー・エル・イー,東証,決算,20260331,128.00,339600,1.00,0.00,1,0.00,,,E
20260105,20260107,3692,ＦＦＲＩセキュ,東証,決算,20260331,7180.00,75800,28.80,0.25,1,0.05,,注意,D
20260105,20260107,3694,オプティム,東証,決算,20260331,502.00,0,1.20,*****,*****,*****,満額,,
20260105,20260107,3696,セレス,東証,決算,20260331,1962.00,0,8.00,*****,*****,*****,満額,注意,
20260105,20260107,3708,特種東海製紙,東証,決算,20260331,1592.00,2000,3.20,0.00,1,0.00,,,F
20260105,20260107,3710,ジョルダン,東証,決算,20260331,577.00,0,1.20,*****,*****,*****,満額,,
20260105,20260107,3712,情報企画,東証,決算,20260331,6360.00,1100,12.80,0.25,1,0.25,,,F
20260105,20260107,3733,ソフトウェアサビス,東証,決算,20260430,13410.00,6000,27.00,0.50,1,0.50,,,F
20260105,20260107,3741,セック,東証,決算,20260331,3205.00,0,6.60,*****,*****,*****,満額,,
20260105,20260107,3744,サイオス,東証,決算,20260331,496.00,0,1.00,*****,*****,*****,満額,,
20260105,20260107,3762,テクマトリックス,東証,決算,20260331,2245.00,0,4.60,*****,*****,0.00,満額,,
20260105,20260107,3765,ガンホー・オンライン,東証,決算,20260630,2520.00,17800,5.20,0.00,1,0.00,,,F
20260105,20260107,3768,リスクモンスター,東証,決算,20260331,522.00,0,1.20,*****,*****,*****,満額,,
20260105,20260107,3769,ＧＭＯペイメント,東証,決算,20260331,9485.00,0,19.00,*****,*****,0.00,満額,,
20260105,20260107,3778,さくらインターネット,東証,決算,20260331,2777.00,796200,11.20,0.20,1,0.20,,注意,B
20260105,20260107,3788,ＧＭＯＧＳＨＤ,東証,決算,20260331,2329.00,0,4.80,*****,*****,*****,満額,,
20260105,20260107,3791,ＩＧポート,東証,決算,20260531,1316.00,0,2.80,*****,*****,*****,満額,,
20260105,20260107,3796,いい生活,東証,決算,20260331,505.00,0,1.20,*****,*****,*****,満額,,
20260105,20260107,3799,キーウェアソリュショ,東証,決算,20260331,1242.00,11900,2.60,0.05,1,0.05,,,F
20260105,20260107,3807,フィスコ,東証,決算,20260630,119.00,92700,1.00,0.00,1,0.00,,,F
20260105,20260107,3835,ｅＢＡＳＥ,東証,決算,20260331,441.00,44700,1.00,0.00,1,0.05,,,F
20260105,20260107,3836,アバントグループ,東証,決算,20260331,1772.00,0,3.60,*****,*****,*****,満額,,
20260105,20260107,3839,ＯＤＫソリューション,東証,決算,20260331,639.00,0,2.80,*****,*****,*****,満額,注意,
20260105,20260107,3844,コムチュア,東証,決算,20260331,1707.00,0,3.60,*****,*****,*****,満額,,
20260105,20260107,3851,日本一ソフトウェア,東証,決算,20260331,809.00,0,1.80,*****,*****,*****,満額,,
20260105,20260107,3853,アステリア,東証,決算,20260331,963.00,0,2.00,*****,*****,*****,満額,,
20260105,20260107,3865,北越コーポレーション,東証,決算,20260331,915.00,162300,2.00,0.05,1,0.05,,,E
20260105,20260107,3891,ニッポン高度紙工業,東証,決算,20260331,3355.00,0,6.80,*****,*****,*****,満額,,
20260105,20260107,3903,ｇｕｍｉ,東証,決算,20260430,361.00,155000,1.00,0.00,1,0.00,,,F
20260105,20260107,3905,データセクション,東証,決算,20260331,2109.00,448400,8.80,0.10,1,0.10,,停止,D
20260105,20260107,3915,テラスカイ,東証,決算,20260228,2163.00,0,4.40,*****,*****,*****,満額,,
20260105,20260107,3916,ＤＩＴ,東証,決算,20260630,1335.00,8200,2.80,0.05,1,0.05,,,F
20260105,20260107,3923,ラクス,東証,決算,20260331,1041.50,0,2.20,*****,*****,*****,満額,,
20260105,20260107,3924,ランドコンピュータ,東証,決算,20260331,950.00,0,2.00,*****,*****,*****,満額,,
20260105,20260107,3932,アカツキ,東証,決算,20260331,2656.00,0,5.40,*****,*****,*****,満額,,
20260105,20260107,3939,カナミックＮ,東証,決算,20260331,512.00,0,1.20,*****,*****,*****,満額,,
20260105,20260107,3941,レンゴー,東証,決算,20260331,1225.00,0,2.60,*****,*****,*****,満額,,
20260105,20260107,3946,トーモク,東証,決算,20260331,3575.00,0,7.20,*****,*****,*****,満額,,
20260105,20260107,3950,ザ・パック,東証,決算,20260630,1287.00,18000,2.60,0.05,1,0.05,,,F
20260105,20260107,3963,シンクロ・フード,東証,決算,20260331,698.00,120600,1.40,0.05,1,0.05,,,F
20260105,20260107,3964,オークネット,東証,決算,20260630,2131.00,0,4.40,*****,*****,0.05,満額,,
20260105,20260107,3968,セグエグループ,東証,決算,20260630,625.00,0,1.40,*****,*****,*****,満額,,
20260105,20260107,3983,オロ,東証,決算,20260630,2124.00,9200,4.40,0.00,1,0.00,,,F
20260105,20260107,3984,ユーザーローカル,東証,決算,20260630,1936.00,0,4.00,*****,*****,*****,満額,,
20260105,20260107,3992,ニーズウェル,東証,決算,20260331,563.00,50600,1.20,0.00,1,0.05,,,F
20260105,20260107,3994,マネーフォワード,東証,決算,20260531,4673.00,0,9.40,*****,*****,*****,満額,,
20260105,20260107,3998,すららネット,東証,決算,20260630,324.00,0,2.00,*****,*****,*****,満額,注意,
20260105,20260107,4004,レゾナックＨＤ,東証,決算,20260630,6751.00,164900,13.60,0.15,1,0.00,,,F
20260105,20260107,4019,スタメン,東証,決算,20260630,742.00,0,1.60,*****,*****,0.00,満額,,
20260105,20260107,4025,多木化学,東証,決算,20260630,3915.00,0,16.00,*****,*****,*****,満額,注意,
20260105,20260107,4026,神島化学工業,東証,決算,20260430,1546.00,0,3.20,*****,*****,*****,満額,,
20260105,20260107,4041,日本曹達,東証,決算,20260331,3615.00,0,7.40,*****,*****,*****,満額,,
20260105,20260107,4042,東ソー,東証,決算,20260331,2380.00,0,4.80,*****,*****,*****,満額,,
20260105,20260107,4044,セントラル硝子,東証,決算,20260331,3485.00,0,7.00,*****,*****,*****,満額,,
20260105,20260107,4045,東亞合成,東証,決算,20260630,1660.00,0,3.40,*****,*****,0.05,満額,,
20260105,20260107,4046,大阪ソーダ,東証,決算,20260331,2241.00,15700,4.60,0.05,1,0.00,,,F
20260105,20260107,4047,関東電化工業,東証,決算,20260331,1137.00,11400,2.40,0.00,1,0.05,,,F
20260105,20260107,4053,サンアスタリスク,東証,決算,20260630,446.00,0,1.00,*****,*****,*****,満額,,
20260105,20260107,4055,ティアンドエスＧ,東証,決算,20260331,1430.00,0,3.00,*****,*****,*****,満額,,
20260105,20260107,4058,トヨクモ,東証,決算,20260630,2695.00,0,5.40,*****,*****,*****,満額,,
20260105,20260107,4062,イビデン,東証,決算,20260331,7158.00,35500,14.40,0.00,1,*****,,,F
20260105,20260107,4071,プラスアルファ,東証,決算,20260331,2332.00,0,4.80,*****,*****,*****,満額,,
20260105,20260107,4074,ラキール,東証,決算,20260630,707.00,0,1.60,*****,*****,*****,満額,,
20260105,20260107,4082,第一稀元素化学工業,東証,決算,20260331,1139.00,0,2.40,*****,*****,*****,満額,,
20260105,20260107,4091,日本酸素ＨＤ,東証,決算,20260331,4694.00,39800,9.40,0.00,1,*****,,,F
20260105,20260107,4092,日本化学工業,東証,決算,20260331,2852.00,0,5.80,*****,*****,*****,満額,,
20260105,20260107,4095,日本パーカライジング,東証,決算,20260331,1425.00,6000,3.00,0.05,1,0.05,,,F
20260105,20260107,4097,高圧ガス工業,東証,決算,20260331,1061.00,0,2.20,*****,*****,*****,満額,,
20260105,20260107,4099,四国化成ＨＤ,東証,決算,20260630,2726.00,21500,5.60,0.15,1,0.10,,,E
20260105,20260107,4100,戸田工業,東証,決算,20260331,1163.00,0,2.40,*****,*****,*****,満額,,
20260105,20260107,4109,ステラ　ケミファ,東証,決算,20260331,4410.00,6300,9.00,0.10,1,0.00,,,F
20260105,20260107,4167,ココペリ,東証,決算,20260331,294.00,0,1.00,*****,*****,*****,満額,,
20260105,20260107,416A,富士ユナイトＨＤ,東証,決算,20260331,1263.00,0,2.60,*****,*****,*****,満額,,
20260105,20260107,4170,ＫａｉｚｅｎＰＦ,東証,決算,20260630,173.00,0,1.00,*****,*****,*****,満額,,
20260105,20260107,4176,ココナラ,東証,決算,20260228,330.00,0,1.00,*****,*****,*****,満額,,
20260105,20260107,4187,大阪有機化学工業,東証,決算,20260531,4045.00,0,8.20,*****,*****,*****,満額,,
20260105,20260107,4192,スパイダープラス,東証,決算,20260630,301.00,41200,1.00,0.00,1,0.00,,,F
20260105,20260107,4194,ビジョナル,東証,決算,20260131,9890.00,0,19.80,*****,*****,*****,満額,,
20260105,20260107,4202,ダイセル,東証,決算,20260331,1414.00,0,3.00,*****,*****,*****,満額,,
20260105,20260107,4203,住友ベークライト,東証,決算,20260331,5154.00,6800,10.40,0.00,1,0.00,,,F
20260105,20260107,4212,積水樹脂,東証,決算,20260331,2173.00,5400,4.40,0.00,1,0.05,,,F
20260105,20260107,4216,旭有機材,東証,決算,20260331,5210.00,41900,10.60,0.20,1,0.25,,,D
20260105,20260107,4218,ニチバン,東証,決算,20260331,1998.00,21200,4.00,0.10,1,0.10,,,E
20260105,20260107,4237,フジプレアム,東証,決算,20260331,318.00,0,1.00,*****,*****,*****,満額,,
20260105,20260107,4245,ダイキアクシス,東証,決算,20260630,679.00,0,1.40,*****,*****,*****,満額,,
20260105,20260107,4249,森六,東証,決算,20260331,2426.00,0,5.00,*****,*****,*****,満額,,
20260105,20260107,4258,網屋,東証,決算,20260630,3055.00,0,6.20,*****,*****,*****,満額,,
20260105,20260107,4263,サスメド,東証,決算,20260630,874.00,0,1.80,*****,*****,*****,満額,,
20260105,20260107,4275,カーリット,東証,決算,20260331,1908.00,0,4.00,*****,*****,*****,満額,,
20260105,20260107,4286,ＣＬホールディングス,東証,決算,20260630,1066.00,0,2.20,*****,*****,*****,満額,,
20260105,20260107,4288,アズジェント,東証,決算,20260331,685.00,0,1.40,*****,*****,*****,満額,,
20260105,20260107,4301,アミューズ,東証,決算,20260331,1917.00,3000,4.00,0.05,1,0.05,,,F
20260105,20260107,4310,ドリームインキュベタ,東証,決算,20260331,2577.00,86100,10.40,0.10,1,0.10,,注意,C
20260105,20260107,4318,クイック,東証,決算,20260331,930.00,0,2.00,*****,*****,*****,満額,,
20260105,20260107,4323,日本システム技術,東証,決算,20260331,2581.00,26100,5.20,0.10,1,0.10,,,F
20260105,20260107,4324,電通グループ,東証,決算,20260331,3385.00,49500,6.80,0.10,1,0.10,,,F
20260105,20260107,4326,インテージＨＤ,東証,決算,20260331,1767.00,31900,3.60,0.10,1,0.10,,,F
20260105,20260107,4343,イオンファンタジー,東証,決算,20260228,2955.00,5600,6.00,0.00,1,0.00,,,F
20260105,20260107,4344,ソースネクスト,東証,決算,20260630,149.00,0,1.00,*****,*****,*****,満額,,
20260105,20260107,4345,シーティーエス,東証,決算,20260331,1047.00,14400,2.20,0.05,1,0.05,,,F
20260105,20260107,4362,日本精化,東証,決算,20260331,2861.00,0,5.80,*****,*****,*****,満額,,
20260105,20260107,4367,広栄化学,東証,決算,20260331,2182.00,0,4.40,*****,*****,*****,満額,,
20260105,20260107,4375,セーフィー,東証,決算,20260630,825.00,0,1.80,*****,*****,*****,満額,,
20260105,20260107,4382,ＨＥＲＯＺ,東証,決算,20260430,830.00,30900,1.80,0.00,1,0.00,,,F
20260105,20260107,4384,ラクスル,東証,決算,20260131,1792.00,0,7.20,*****,*****,*****,満額,停止,
20260105,20260107,4390,ｉｐｓ,東証,決算,20260331,3035.00,0,6.20,*****,*****,*****,満額,,
20260105,20260107,4392,ＦＩＧ,東証,決算,20260630,285.00,32300,1.00,0.00,1,0.00,,,F
20260105,20260107,4393,バンクオブイノベ,東証,決算,20260331,6000.00,0,12.00,*****,*****,*****,満額,,
20260105,20260107,4396,システムサポートＨＤ,東証,決算,20260630,1445.00,0,3.00,*****,*****,*****,満額,,
20260105,20260107,4401,ＡＤＥＫＡ,東証,決算,20260331,3934.00,0,8.00,*****,*****,*****,満額,,
20260105,20260107,4403,日油,東証,決算,20260331,3000.00,0,6.00,*****,*****,*****,満額,,
20260105,20260107,4406,新日本理化,東証,決算,20260331,229.00,0,1.00,*****,*****,*****,満額,,
20260105,20260107,4420,イーソル,東証,決算,20260630,504.00,0,1.20,*****,*****,*****,満額,,
20260105,20260107,4425,Ｋｕｄａｎ,東証,決算,20260331,1230.00,31800,5.20,0.05,1,0.05,,停止,E
20260105,20260107,4429,リックソフト,東証,決算,20260228,940.00,0,2.00,*****,*****,*****,満額,,
20260105,20260107,4431,スマレジ,東証,決算,20260430,2983.00,71000,6.00,0.15,1,0.15,,,C
20260105,20260107,4432,ウイングアーク１ｓｔ,東証,決算,20260228,3595.00,0,7.20,*****,*****,*****,満額,,
20260105,20260107,4434,サーバーワークス,東証,決算,20260228,1913.00,0,4.00,*****,*****,*****,満額,,
20260105,20260107,4436,ミンカブ,東証,決算,20260331,452.00,78000,2.00,0.05,1,0.05,,停止,D
20260105,20260107,4439,東名,東証,決算,20260228,1069.00,0,2.20,*****,*****,*****,満額,,
20260105,20260107,4442,バルテスＨＤ,東証,決算,20260331,434.00,0,1.00,*****,*****,*****,満額,,
20260105,20260107,4443,Ｓａｎｓａｎ,東証,決算,20260228,1743.00,67600,3.60,0.05,1,0.05,,,F
20260105,20260107,4448,ｋｕｂｅｌｌ,東証,決算,20260630,391.00,0,1.00,*****,*****,*****,満額,,
20260105,20260107,4461,第一工業製薬,東証,決算,20260331,8140.00,0,16.40,*****,*****,*****,満額,,
20260105,20260107,4462,石原ケミカル,東証,決算,20260331,2237.00,1100,4.60,0.05,1,*****,,,F
20260105,20260107,4465,ニイタカ,東証,決算,20260531,2448.00,0,5.00,*****,*****,*****,満額,,
20260105,20260107,4471,三洋化成工業,東証,決算,20260331,5330.00,0,10.80,*****,*****,*****,満額,,
20260105,20260107,4480,メドレー,東証,決算,20260630,2340.00,553500,4.80,0.10,1,0.10,,,C
20260105,20260107,4483,ＪＭＤＣ,東証,決算,20260331,3905.00,0,8.00,*****,*****,*****,満額,,
20260105,20260107,4498,サイバートラスト,東証,決算,20260331,1365.00,0,2.80,*****,*****,*****,満額,,
20260105,20260107,4499,Ｓｐｅｅｅ,東証,決算,20260331,2450.00,55000,5.00,0.10,1,0.10,,,E
20260105,20260107,4502,武田薬品工業,東証,決算,20260331,4916.00,134300,10.00,0.05,1,0.00,,,F
20260105,20260107,4507,塩野義製薬,東証,決算,20260331,2865.00,8900,5.80,0.05,1,0.05,,,F
20260105,20260107,4516,日本新薬,東証,決算,20260331,5534.00,17100,11.20,0.10,1,0.10,,,F
20260105,20260107,4527,ロート製薬,東証,決算,20260331,2624.00,0,5.40,*****,*****,*****,満額,,
20260105,20260107,4530,久光製薬,東証,決算,20260228,4500.00,6200,9.00,0.15,1,0.15,,,F
20260105,20260107,4536,参天製薬,東証,決算,20260331,1646.00,0,3.40,*****,*****,*****,満額,,
20260105,20260107,4538,扶桑薬品工業,東証,決算,20260331,2309.00,0,4.80,*****,*****,*****,満額,,
20260105,20260107,4544,ＨＵグループＨＤ,東証,決算,20260331,3421.00,1500,7.00,0.00,1,0.00,,,F
20260105,20260107,4547,キッセイ薬品工業,東証,決算,20260331,4615.00,100,9.40,0.00,1,0.10,,,F
20260105,20260107,4549,栄研化学,東証,決算,20260331,2403.00,2000,5.00,0.00,1,0.00,,,F
20260105,20260107,4552,ＪＣＲファーマ,東証,決算,20260331,691.00,0,1.40,*****,*****,*****,満額,,
20260105,20260107,4553,東和薬品,東証,決算,20260331,3615.00,0,7.40,*****,*****,*****,満額,,
20260105,20260107,4554,富士製薬工業,東証,決算,20260331,1908.00,0,4.00,*****,*****,*****,満額,,
20260105,20260107,4559,ゼリア新薬工業,東証,決算,20260331,2102.00,0,4.40,*****,*****,*****,満額,,
20260105,20260107,4574,大幸薬品,東証,決算,20260630,301.00,197600,1.00,0.05,1,0.05,,,E
20260105,20260107,4577,ダイト,東証,決算,20260531,1360.00,4900,2.80,0.05,1,0.05,,,F
20260105,20260107,4593,ヘリオス,東証,決算,20260630,281.00,0,1.00,*****,*****,*****,満額,,
20260105,20260107,4611,大日本塗料,東証,決算,20260331,1340.00,0,2.80,*****,*****,*****,満額,,
20260105,20260107,4620,藤倉化成,東証,決算,20260331,618.00,0,1.40,*****,*****,*****,満額,,
20260105,20260107,4634,ａｒｔｉｅｎｃｅ,東証,決算,20260630,3450.00,2000,7.00,0.00,1,0.00,,,F
20260105,20260107,4644,イマジニア,東証,決算,20260331,1063.00,0,2.20,*****,*****,*****,満額,,
20260105,20260107,464A,ＱＰＳＨＤ,東証,決算,20260531,1670.00,0,3.40,*****,*****,*****,満額,,
20260105,20260107,4665,ダスキン,東証,決算,20260331,4287.00,22300,8.60,0.15,1,0.15,,,F
20260105,20260107,4668,明光ネットワクジャパ,東証,決算,20260228,718.00,91200,1.60,0.00,1,0.05,,,F
20260105,20260107,4671,ファルコＨＤ,東証,決算,20260331,2689.00,400,5.40,0.00,1,*****,,,F
20260105,20260107,4681,リゾートトラスト,東証,決算,20260331,1950.50,22800,4.00,0.05,1,0.05,,,F
20260105,20260107,4687,ＴＤＣソフト,東証,決算,20260331,1352.00,14900,2.80,0.05,1,0.05,,,F
20260105,20260107,4694,ビー・エム・エル,東証,決算,20260331,3815.00,22400,7.80,0.15,1,0.15,,,F
20260105,20260107,4718,早稲田アカデミー,東証,決算,20260331,2261.00,0,4.60,*****,*****,*****,満額,,
20260105,20260107,4719,アルファシステムズ,東証,決算,20260331,4015.00,0,8.20,*****,*****,0.00,満額,,
20260105,20260107,4725,ＣＡＣＨＤ,東証,決算,20260630,2047.00,9700,4.20,0.05,1,0.10,,,F
20260105,20260107,4746,東計電算,東証,決算,20260630,4130.00,0,8.40,*****,*****,*****,満額,,
20260105,20260107,4768,大塚商会,東証,決算,20260630,3199.00,74800,6.40,0.15,1,0.10,,,F
20260105,20260107,4771,エフアンドエム,東証,決算,20260331,2375.00,0,4.80,*****,*****,*****,満額,,
20260105,20260107,4812,電通総研,東証,決算,20260630,2673.00,0,5.40,*****,*****,*****,満額,,
20260105,20260107,4813,ＡＣＣＥＳＳ,東証,決算,20260131,564.00,0,1.20,*****,*****,*****,満額,,
20260105,20260107,4819,デジタルガレージ,東証,決算,20260331,2732.00,0,5.60,*****,*****,*****,満額,,
20260105,20260107,4820,イーエムシステムズ,東証,決算,20260331,778.00,0,1.60,*****,*****,*****,満額,,
20260105,20260107,4828,ビーエンジ,東証,決算,20260331,1671.00,27700,3.40,0.00,1,*****,,,F
20260105,20260107,4839,ワウワウ,東証,決算,20260331,1462.00,0,3.00,*****,*****,*****,満額,,
20260105,20260107,4848,フルキャストＨＤ,東証,決算,20260630,1656.00,4100,3.40,0.00,1,0.00,,,F
20260105,20260107,4849,エン,東証,決算,20260331,1528.00,96800,3.20,0.10,1,0.10,,,E
20260105,20260107,4880,セルソース,東証,決算,20260430,400.00,0,1.00,*****,*****,*****,満額,,
20260105,20260107,4886,あすか製薬ＨＤ,東証,決算,20260331,2059.00,0,4.20,*****,*****,*****,満額,,
20260105,20260107,4887,サワイグループＨＤ,東証,決算,20260331,2366.00,71700,4.80,0.10,1,0.10,,,F
20260105,20260107,4893,ノイルイミューン,東証,決算,20260630,134.00,10000,1.00,0.00,1,*****,,,F
20260105,20260107,4917,マンダム,東証,決算,20260331,2764.00,0,11.20,*****,*****,*****,満額,停止,
20260105,20260107,4919,ミルボン,東証,決算,20260630,2429.00,18200,5.00,0.05,1,0.10,,,F
20260105,20260107,4922,コーセーＨＤ,東証,決算,20260331,5293.00,0,10.60,*****,*****,*****,満額,,
20260105,20260107,4923,コタ,東証,決算,20260331,1136.00,41200,2.40,0.05,1,0.05,,,F
20260105,20260107,4927,ポーラオルビスＨＤ,東証,決算,20260630,1310.50,0,2.80,*****,*****,*****,満額,,
20260105,20260107,4928,ノエビアＨＤ,東証,決算,20260331,4650.00,0,9.40,*****,*****,*****,満額,,
20260105,20260107,4929,アジュバンＨＤ,東証,決算,20260320,764.00,0,1.60,*****,*****,*****,満額,,
20260105,20260107,4931,新日本製薬,東証,決算,20260331,2018.00,41900,4.20,0.05,1,0.05,,,F
20260105,20260107,4933,Ｉ－ｎｅ,東証,決算,20260630,1310.00,0,2.80,*****,*****,*****,満額,,
20260105,20260107,4934,Ｐアンチエイジ,東証,決算,20260131,719.00,0,1.60,*****,*****,*****,満額,,
20260105,20260107,4936,アクシージア,東証,決算,20260131,398.00,0,1.00,*****,*****,*****,満額,,
20260105,20260107,4951,エステー,東証,決算,20260331,1525.00,9300,3.20,0.10,1,0.05,,,F
20260105,20260107,4956,コニシ,東証,決算,20260331,1318.00,24400,2.80,0.05,1,0.05,,,F
20260105,20260107,4957,ヤスハラケミカル,東証,決算,20260331,1366.00,100,5.60,0.05,1,*****,,停止,F
20260105,20260107,4958,長谷川香料,東証,決算,20260331,2794.00,11000,5.60,0.10,1,0.05,,,F
20260105,20260107,4967,小林製薬,東証,決算,20260630,5345.00,4800,10.80,0.00,1,0.05,,,F
20260105,20260107,4968,荒川化学工業,東証,決算,20260331,1265.00,0,2.60,*****,*****,*****,満額,,
20260105,20260107,4974,タカラバイオ,東証,決算,20260331,795.00,6900,1.60,0.00,1,0.00,,,F
20260105,20260107,4975,ＪＣＵ,東証,決算,20260331,4890.00,22200,9.80,0.20,1,0.20,,,F
20260105,20260107,4992,北興化学工業,東証,決算,20260531,1612.00,0,3.40,*****,*****,*****,満額,,
20260105,20260107,4994,大成ラミックグループ,東証,決算,20260331,2677.00,1100,5.40,0.10,1,0.10,,,F
20260105,20260107,5011,ニチレキグループ,東証,決算,20260331,2442.00,0,5.00,*****,*****,*****,満額,,
20260105,20260107,5013,ユシロ,東証,決算,20260331,2816.00,1800,5.80,0.00,1,0.00,,,F
20260105,20260107,5108,ブリヂストン,東証,決算,20260630,3530.00,0,7.20,*****,*****,*****,満額,,
20260105,20260107,5122,オカモト,東証,決算,20260331,5420.00,9100,11.00,0.20,1,0.20,,,E
20260105,20260107,5129,ＦＩＸＥＲ,東証,決算,20260228,404.00,221800,2.00,0.30,1,0.25,,注意,A
20260105,20260107,5131,リンカーズ,東証,決算,20260131,171.00,202200,2.00,0.05,1,0.05,,注意,E
20260105,20260107,5132,ｐｌｕｓｚｅｒｏ,東証,決算,20260430,2793.00,110400,5.60,0.15,1,0.15,,,C
20260105,20260107,5137,スマートドライブ,東証,決算,20260331,366.00,0,1.00,*****,*****,*****,満額,,
20260105,20260107,5142,アキレス,東証,決算,20260331,1480.00,0,3.00,*****,*****,*****,満額,,
20260105,20260107,5186,ニッタ,東証,決算,20260331,4185.00,0,8.40,*****,*****,*****,満額,,
20260105,20260107,5191,住友理工,東証,決算,20260331,2593.00,0,5.20,*****,*****,0.05,満額,,
20260105,20260107,5192,三ツ星ベルト,東証,決算,20260331,3925.00,0,8.00,*****,*****,*****,満額,,
20260105,20260107,5208,有沢製作所,東証,決算,20260331,1716.00,0,3.60,*****,*****,*****,満額,,
20260105,20260107,5214,日本電気硝子,東証,決算,20260630,6220.00,0,12.60,*****,*****,*****,満額,,
20260105,20260107,5218,オハラ,東証,決算,20260430,1035.00,20500,2.20,0.00,1,0.00,,,F
20260105,20260107,5253,カバー,東証,決算,20260331,1658.00,791100,3.40,0.10,1,0.10,,,B
20260105,20260107,5262,日本ヒューム,東証,決算,20260331,1509.00,156600,3.20,0.00,1,*****,,,F
20260105,20260107,5269,日本コンクリート工業,東証,決算,20260331,333.00,26000,1.00,0.00,1,0.00,,,F
20260105,20260107,5273,三谷セキサン,東証,決算,20260331,8000.00,200,16.00,0.00,1,0.00,,,F
20260105,20260107,5290,ベルテクス,東証,決算,20260331,1299.00,0,2.60,*****,*****,*****,満額,,
20260105,20260107,5331,ノリタケ,東証,臨時,20260331,5760.00,1600,11.60,0.00,1,0.00,,,F
20260105,20260107,5344,ＭＡＲＵＷＡ,東証,決算,20260331,44970.00,0,90.00,*****,*****,*****,満額,,
20260105,20260107,5357,ヨータイ,東証,決算,20260331,1830.00,600,3.80,0.00,1,*****,,,F
20260105,20260107,5381,マイポックス,東証,決算,20260331,455.00,0,1.00,*****,*****,*****,満額,,
20260105,20260107,5393,ニチアス,東証,決算,20260331,6919.00,3500,14.00,0.00,1,0.00,,,F
20260105,20260107,5406,神戸製鋼所,東証,決算,20260331,2099.50,27000,4.20,0.00,1,0.00,,,F
20260105,20260107,5408,中山製鋼所,東証,決算,20260331,616.00,0,1.40,*****,*****,*****,満額,,
20260105,20260107,5423,東京製鐵,東証,決算,20260331,1479.00,19400,3.00,0.00,1,0.05,,,F
20260105,20260107,5444,大和工業,東証,決算,20260331,10950.00,0,22.00,*****,*****,*****,満額,,
20260105,20260107,5451,ヨドコウ,東証,決算,20260331,1373.00,11600,2.80,0.05,1,0.05,,,F
20260105,20260107,5461,中部鋼鈑,東証,決算,20260331,2232.00,16100,4.60,0.05,1,0.05,,,F
20260105,20260107,5463,丸一鋼管,東証,決算,20260331,1466.50,10200,3.00,0.05,1,0.05,,,F
20260105,20260107,5464,モリ工業,東証,決算,20260331,1023.00,8200,2.20,0.05,1,*****,,,F
20260105,20260107,5480,日本冶金工業,東証,決算,20260331,4510.00,0,9.20,*****,*****,*****,満額,,
20260105,20260107,5541,大平洋金属,東証,決算,20260331,2319.00,0,4.80,*****,*****,*****,満額,,
20260105,20260107,5563,新日本電工,東証,決算,20260630,350.00,130100,1.00,0.00,1,0.05,,,F
20260105,20260107,5658,日亜鋼業,東証,決算,20260331,360.00,0,1.00,*****,*****,*****,満額,,
20260105,20260107,5659,日本精線,東証,決算,20260331,1203.00,1900,2.60,0.05,1,*****,,,F
20260105,20260107,5703,日本軽金属ＨＤ,東証,決算,20260331,2561.00,0,5.20,*****,*****,*****,満額,,
20260105,20260107,5706,三井金属,東証,決算,20260331,18595.00,152400,37.20,0.75,1,0.00,,,F
20260105,20260107,5707,東邦亜鉛,東証,決算,20260331,973.00,0,2.00,*****,*****,*****,満額,,
20260105,20260107,5726,大阪チタニウムテクノ,東証,決算,20260331,1919.00,639500,4.00,0.05,1,0.05,,,D
20260105,20260107,5805,ＳＷＣＣ,東証,決算,20260331,10960.00,38700,22.00,0.40,1,0.25,,,F
20260105,20260107,5816,オーナンバ,東証,決算,20260331,1446.00,900,3.00,0.00,1,*****,,,F
20260105,20260107,5844,京都ＦＧ,東証,決算,20260331,3470.00,0,7.00,*****,*****,*****,満額,,
20260105,20260107,5901,東洋製罐グループＨＤ,東証,決算,20260331,3872.00,0,7.80,*****,*****,0.05,満額,,
20260105,20260107,5902,ホッカンＨＤ,東証,決算,20260331,2346.00,0,4.80,*****,*****,*****,満額,,
20260105,20260107,5911,横河ブリッジＨＤ,東証,決算,20260331,3020.00,3200,6.20,0.00,1,0.00,,,F
20260105,20260107,5915,駒井ハルテック,東証,決算,20260331,1943.00,0,4.00,*****,*****,*****,満額,,
20260105,20260107,5932,三協立山,東証,決算,20260531,639.00,0,1.40,*****,*****,*****,満額,,
20260105,20260107,5943,ノーリツ,東証,決算,20260331,2019.00,30400,4.20,0.10,1,0.10,,,E
20260105,20260107,5947,リンナイ,東証,決算,20260331,3995.00,7600,8.00,0.10,1,0.10,,,F
20260105,20260107,5956,トーソー,東証,決算,20260331,582.00,0,1.20,*****,*****,*****,満額,,
20260105,20260107,5957,日東精工,東証,決算,20260630,713.00,59100,1.60,0.05,1,0.05,,,F
20260105,20260107,5959,岡部,東証,決算,20260630,958.00,15900,2.00,0.00,1,0.05,,,F
20260105,20260107,5970,ジーテクト,東証,決算,20260331,2005.00,160100,4.20,0.05,1,0.05,,,F
20260105,20260107,5975,東プレ,東証,決算,20260331,2392.00,0,4.80,*****,*****,*****,満額,,
20260105,20260107,5976,高周波熱錬,東証,決算,20260331,1279.00,7400,2.60,0.05,1,0.05,,,F
20260105,20260107,5981,東京製綱,東証,決算,20260331,1645.00,0,3.40,*****,*****,*****,満額,,
20260105,20260107,5988,パイオラックス,東証,決算,20260331,1741.00,32400,3.60,0.10,1,0.05,,,F
20260105,20260107,5991,日本発条,東証,決算,20260331,2565.00,0,5.20,*****,*****,*****,満額,,
20260105,20260107,6005,三浦工業,東証,決算,20260331,3120.00,0,6.40,*****,*****,*****,満額,,
20260105,20260107,6034,ＭＲＴ,東証,決算,20260630,630.00,0,1.40,*****,*****,*****,満額,,
20260105,20260107,6035,ＩＲジャパンＨＤ,東証,決算,20260331,800.00,21700,1.60,0.00,1,0.05,,,F
20260105,20260107,6045,レントラックス,東証,決算,20260331,1667.00,0,3.40,*****,*****,*****,満額,,
20260105,20260107,6046,リンクバル,東証,決算,20260331,138.00,83200,2.00,0.05,1,0.05,,停止,F
20260105,20260107,6050,イー・ガーディアン,東証,決算,20260331,1663.00,29100,3.40,0.05,1,0.05,,,E
20260105,20260107,6054,リブセンス,東証,決算,20260630,121.00,0,1.00,*****,*****,*****,満額,,
20260105,20260107,6055,ジャパンマテリアル,東証,決算,20260331,1580.00,0,3.20,*****,*****,*****,満額,,
20260105,20260107,6062,チャームケアコーポ,東証,決算,20260630,1303.00,0,2.80,*****,*****,*****,満額,,
20260105,20260107,6071,ＩＢＪ,東証,決算,20260630,777.00,0,1.60,*****,*****,*****,満額,,
20260105,20260107,6072,地盤ネットＨＤ,東証,決算,20260331,196.00,235300,1.00,0.05,1,0.05,,,F
20260105,20260107,6073,アサンテ,東証,決算,20260331,1602.00,30700,3.40,0.10,1,0.10,,,F
20260105,20260107,6078,バリューＨＲ,東証,決算,20260630,1531.00,169800,3.20,0.10,1,0.10,,,D
20260105,20260107,6080,Ｍ＆Ａキャピタル,東証,決算,20260331,3320.00,0,6.80,*****,*****,*****,満額,,
20260105,20260107,6081,アライドアーキテクツ,東証,決算,20260630,201.00,0,2.00,*****,*****,*****,満額,注意,
20260105,20260107,6083,ＥＲＩ　ＨＤ,東証,決算,20260531,4560.00,0,9.20,*****,*****,*****,満額,,
20260105,20260107,6089,ウィルグループ,東証,決算,20260331,1183.00,0,2.40,*****,*****,*****,満額,,
20260105,20260107,6093,エスクローＡＪ,東証,決算,20260228,183.00,0,1.00,*****,*****,*****,満額,,
20260105,20260107,6099,エラン,東証,決算,20260630,706.00,0,1.60,*****,*****,*****,満額,,
20260105,20260107,6103,オークマ,東証,決算,20260331,3640.00,4000,7.40,0.00,1,*****,,,F
20260105,20260107,6104,芝浦機械,東証,決算,20260331,4350.00,6900,8.80,0.15,1,0.15,,,F
20260105,20260107,6113,アマダ,東証,決算,20260331,1883.00,6000,3.80,0.00,1,0.00,,,F
20260105,20260107,6118,アイダエンジニア,東証,決算,20260331,1201.00,34400,2.60,0.05,1,0.05,,,F
20260105,20260107,6136,オーエスジー,東証,決算,20260531,2294.50,0,4.60,*****,*****,*****,満額,,
20260105,20260107,6143,ソディック,東証,決算,20260630,963.00,0,2.00,*****,*****,*****,満額,,
20260105,20260107,6146,ディスコ,東証,決算,20260331,51100.00,20100,102.20,0.00,1,*****,,,F
20260105,20260107,6151,日東工器,東証,決算,20260331,1825.00,4700,3.80,0.00,1,0.05,,,F
20260105,20260107,6157,日進工具,東証,決算,20260331,874.00,20500,1.80,0.00,1,0.00,,,F
20260105,20260107,6167,冨士ダイス,東証,決算,20260331,893.00,0,1.80,*****,*****,*****,満額,,
20260105,20260107,6171,土木管理総合試験所,東証,決算,20260331,417.00,28600,1.00,0.00,1,0.00,,,F
20260105,20260107,6178,日本郵政,東証,決算,20260331,1730.00,61800,3.60,0.05,1,0.00,,,F
20260105,20260107,6182,メタリアル,東証,決算,20260228,432.00,139300,1.00,0.05,1,0.05,,,E
20260105,20260107,6183,ベル２４ＨＤ,東証,決算,20260228,1436.00,0,3.00,*****,*****,*****,満額,,
20260105,20260107,6184,鎌倉新書,東証,決算,20260131,608.00,0,1.40,*****,*****,*****,満額,,
20260105,20260107,6197,ソラスト,東証,決算,20260331,859.00,30100,3.60,0.05,1,0.05,,注意,F
20260105,20260107,6203,豊和工業,東証,決算,20260331,1221.00,0,2.60,*****,*****,*****,満額,,
20260105,20260107,6208,石川製作所,東証,決算,20260331,1535.00,0,3.20,*****,*****,*****,満額,,
20260105,20260107,6210,ＴＯＹＯイノベックス,東証,決算,20260331,662.00,0,1.40,*****,*****,*****,満額,,
20260105,20260107,6218,エンシュウ,東証,決算,20260331,561.00,0,1.20,*****,*****,*****,満額,,
20260105,20260107,6222,島精機製作所,東証,決算,20260331,1016.00,0,2.20,*****,*****,*****,満額,,
20260105,20260107,6232,ＡＣＳＬ,東証,決算,20260630,916.00,439500,4.00,0.05,1,0.05,,注意,C
20260105,20260107,6235,オプトラン,東証,決算,20260630,1917.00,35300,4.00,0.05,1,0.05,,,F
20260105,20260107,6237,イワキポンプ,東証,決算,20260331,2605.00,0,5.40,*****,*****,*****,満額,,
20260105,20260107,6240,ヤマシンフィルタ,東証,決算,20260331,598.00,0,1.20,*****,*****,*****,満額,,
20260105,20260107,6247,日阪製作所,東証,決算,20260331,1534.00,5900,3.20,0.05,1,0.05,,,F
20260105,20260107,6254,野村マイクロ・Ｓ,東証,決算,20260331,3025.00,0,6.20,*****,*****,*****,満額,,
20260105,20260107,6255,エヌ・ピー・シー,東証,決算,20260228,701.00,155200,1.60,0.05,1,0.05,,,E
20260105,20260107,6257,藤商事,東証,決算,20260331,1071.00,1100,2.20,0.00,1,0.00,,,F
20260105,20260107,6264,マルマエ,東証,決算,20260228,2368.00,10600,4.80,0.00,1,0.05,,,F
20260105,20260107,6266,タツモ,東証,決算,20260630,2070.00,0,4.20,*****,*****,*****,満額,,
20260105,20260107,6273,エスエムシー,東証,決算,20260331,57480.00,1500,115.00,0.00,1,*****,,,F
20260105,20260107,6278,ユニオンツール,東証,決算,20260630,8660.00,1400,17.40,0.00,1,*****,,,F
20260105,20260107,6279,瑞光,東証,決算,20260220,1024.00,200,2.20,0.00,1,0.00,,,F
20260105,20260107,6282,オイレス工業,東証,決算,20260331,2362.00,12800,4.80,0.10,1,0.10,,,F
20260105,20260107,6289,技研製作所,東証,決算,20260228,1971.00,12700,4.00,0.05,1,0.00,,,F
20260105,20260107,6293,日精樹脂工業,東証,決算,20260331,885.00,6200,1.80,0.00,1,0.00,,,F
20260105,20260107,6324,ハーモニックドライブ,東証,決算,20260331,3840.00,178800,7.80,0.15,1,0.15,,,F
20260105,20260107,6326,クボタ,東証,決算,20260630,2242.00,0,4.60,*****,*****,*****,満額,,
20260105,20260107,6328,荏原実業,東証,決算,20260630,2145.00,0,4.40,*****,*****,*****,満額,,
20260105,20260107,6330,東洋エンジニアリング,東証,決算,20260331,3310.00,1896900,13.60,0.60,1,4.00,,停止,B
20260105,20260107,6339,新東工業,東証,決算,20260331,1080.00,8100,2.20,0.00,1,0.05,,,F
20260105,20260107,6340,澁谷工業,東証,決算,20260630,3440.00,0,7.00,*****,*****,*****,満額,,
20260105,20260107,6351,鶴見製作所,東証,決算,20260331,2136.00,0,4.40,*****,*****,*****,満額,,
20260105,20260107,6364,ＡＩＲＭＡＮ,東証,決算,20260331,1817.00,0,3.80,*****,*****,*****,満額,,
20260105,20260107,6393,油研工業,東証,決算,20260331,3225.00,0,6.60,*****,*****,*****,満額,,
20260105,20260107,6407,ＣＫＤ,東証,決算,20260331,3175.00,0,6.40,*****,*****,*****,満額,,
20260105,20260107,6418,日本金銭機械,東証,決算,20260331,1021.00,118600,2.20,0.00,1,0.05,,,E
20260105,20260107,6432,竹内製作所,東証,決算,20260228,6830.00,10700,13.80,0.00,1,0.00,,,F
20260105,20260107,6440,ジューキ,東証,決算,20260630,515.00,95200,1.20,0.05,1,0.05,,,F
20260105,20260107,6445,ジャノメ,東証,決算,20260331,1178.00,6300,2.40,0.00,1,0.00,,,F
20260105,20260107,6448,ブラザー工業,東証,決算,20260331,3124.00,800,6.40,0.00,1,0.05,,,F
20260105,20260107,6454,マックス,東証,決算,20260331,6910.00,21500,14.00,0.25,1,0.25,,,F
20260105,20260107,6455,モリタＨＤ,東証,決算,20260331,2770.00,5000,5.60,0.05,1,0.05,,,F
20260105,20260107,6457,グローリー,東証,決算,20260331,4037.00,17400,8.20,0.10,1,0.10,,,F
20260105,20260107,6459,大和冷機工業,東証,決算,20260630,1590.00,4600,3.20,0.05,1,0.05,,,F
20260105,20260107,6463,ＴＰＲ,東証,決算,20260331,1315.00,10400,2.80,0.05,1,0.05,,,F
20260105,20260107,6464,ツバキ・ナカシマ,東証,決算,20260331,352.00,80000,1.00,0.00,1,0.00,,,F
20260105,20260107,6472,ＮＴＮ,東証,決算,20260331,371.60,66500,1.00,0.00,1,0.00,,,F
20260105,20260107,6473,ジェイテクト,東証,決算,20260331,1772.50,0,3.60,*****,*****,*****,満額,,
20260105,20260107,6474,不二越,東証,決算,20260531,4500.00,0,9.00,*****,*****,*****,満額,,
20260105,20260107,6482,ＹＵＳＨＩＮ,東証,決算,20260331,733.00,21200,1.60,0.00,1,0.05,,,F
20260105,20260107,6485,前澤給装工業,東証,決算,20260331,1588.00,0,3.20,*****,*****,0.05,満額,,
20260105,20260107,6486,イーグル工業,東証,決算,20260331,2917.00,2300,6.00,0.05,1,*****,,,F
20260105,20260107,6490,ＰＩＬＬＡＲ,東証,決算,20260331,4890.00,1900,9.80,0.05,1,*****,,,F
20260105,20260107,6498,キッツ,東証,決算,20260331,1741.00,0,3.60,*****,*****,*****,満額,,
20260105,20260107,6516,山洋電気,東証,決算,20260331,4220.00,0,8.60,*****,*****,*****,満額,,
20260105,20260107,6517,デンヨー,東証,決算,20260331,3525.00,0,7.20,*****,*****,*****,満額,,
20260105,20260107,6522,アスタリスク,東証,決算,20260228,383.00,6800,1.00,0.00,1,0.00,,,F
20260105,20260107,6538,ディスラプターズ,東証,決算,20260331,356.00,0,1.00,*****,*****,*****,満額,,
20260105,20260107,6540,船場,東証,決算,20260630,1729.00,0,3.60,*****,*****,*****,満額,,
20260105,20260107,6544,ＪＥＳＨＤ,東証,決算,20260331,1728.50,145500,3.60,0.10,1,0.10,,,F
20260105,20260107,6546,フルテック,東証,決算,20260630,1173.00,5500,2.40,0.05,1,0.05,,,E
20260105,20260107,6560,エル・ティー・エス,東証,決算,20260630,2103.00,0,4.40,*****,*****,*****,満額,,
20260105,20260107,6572,オープングループ,東証,決算,20260228,301.00,47700,1.00,0.00,1,0.00,,,F
20260105,20260107,6588,東芝テック,東証,決算,20260331,2735.00,0,5.60,*****,*****,0.00,満額,,
20260105,20260107,6590,芝浦メカトロニクス,東証,決算,20260331,19370.00,59400,38.80,0.75,1,0.75,,,E
20260105,20260107,6614,シキノハイテック,東証,決算,20260331,669.00,3600,1.40,0.00,1,0.00,,,F
20260105,20260107,6619,ダブル・スコープ,東証,決算,20260131,148.00,0,1.00,*****,*****,*****,満額,,
20260105,20260107,6620,宮越ホールディングス,東証,決算,20260331,819.00,91300,1.80,0.05,1,0.05,,,D
20260105,20260107,6625,ＪＡＬＣＯ　ＨＤ,東証,決算,20260331,405.00,0,1.00,*****,*****,*****,満額,,
20260105,20260107,6629,テクノホライゾン,東証,決算,20260331,1121.00,85900,4.80,0.05,1,0.05,,停止,E
20260105,20260107,6630,ヤーマン,東証,決算,20260630,756.00,280600,1.60,0.05,1,0.05,,,D
20260105,20260107,6654,不二電機工業,東証,決算,20260131,1120.00,0,4.80,*****,*****,*****,満額,注意,
20260105,20260107,6659,メディアリンクス,東証,決算,20260331,46.00,121700,1.00,0.00,1,0.00,,,F
20260105,20260107,6675,サクサ,東証,臨時,20260331,6090.00,600,12.20,0.00,1,0.00,,,F
20260105,20260107,6676,バッファロー,東証,決算,20260331,4885.00,40900,9.80,0.10,1,0.10,,,E
20260105,20260107,6703,沖電気工業,東証,決算,20260331,2046.00,0,4.20,*****,*****,*****,満額,,
20260105,20260107,6706,電気興業,東証,決算,20260331,2651.00,30400,5.40,0.15,1,0.10,,,F
20260105,20260107,6707,サンケン電気,東証,決算,20260331,5920.00,13900,12.00,0.10,1,0.00,,,F
20260105,20260107,6718,アイホン,東証,決算,20260331,2973.00,0,6.00,*****,*****,*****,満額,,
20260105,20260107,6723,ルネサスエレク,東証,決算,20260331,2225.00,194300,4.60,0.05,1,0.00,,,F
20260105,20260107,6724,セイコーエプソン,東証,決算,20260331,1988.50,0,4.00,*****,*****,*****,満額,,
20260105,20260107,6728,アルバック,東証,決算,20260630,7290.00,0,14.60,*****,*****,*****,満額,,
20260105,20260107,6736,サン電子,東証,決算,20260331,9320.00,7500,18.80,0.40,1,0.35,,,E
20260105,20260107,6737,ＥＩＺＯ,東証,決算,20260331,2231.00,0,4.60,*****,*****,0.00,満額,,
20260105,20260107,6741,日本信号,東証,決算,20260331,1320.00,2500,2.80,0.00,1,*****,,,F
20260105,20260107,6744,能美防災,東証,決算,20260331,3840.00,0,7.80,*****,*****,*****,満額,,
20260105,20260107,6745,ホーチキ,東証,決算,20260331,4395.00,0,8.80,*****,*****,*****,満額,,
20260105,20260107,6752,パナソニックＨＤ,東証,決算,20260331,2078.50,210800,4.20,0.05,1,0.00,,,F
20260105,20260107,6768,タムラ製作所,東証,決算,20260331,613.00,0,1.40,*****,*****,*****,満額,,
20260105,20260107,6788,日本トリム,東証,決算,20260331,5040.00,8300,10.20,0.20,1,0.20,,,E
20260105,20260107,6794,フォスター電機,東証,決算,20260331,2706.00,0,5.60,*****,*****,*****,満額,,
20260105,20260107,6800,ヨコオ,東証,決算,20260331,2238.00,38800,4.60,0.10,1,0.10,,,F
20260105,20260107,6807,日本航空電子工業,東証,決算,20260331,2550.00,4200,5.20,0.00,1,0.00,,,F
20260105,20260107,6823,リオン,東証,決算,20260331,2662.00,0,5.40,*****,*****,*****,満額,,
20260105,20260107,6841,横河電機,東証,決算,20260331,5160.00,3800,10.40,0.00,1,*****,,,F
20260105,20260107,6849,日本光電工業,東証,決算,20260331,1694.50,0,3.40,*****,*****,0.00,満額,,
20260105,20260107,6850,チノー,東証,決算,20260331,1393.00,1300,2.80,0.00,1,0.05,,,F
20260105,20260107,6853,共和電業,東証,決算,20260630,737.00,12100,1.60,0.00,1,0.00,,,F
20260105,20260107,6856,堀場製作所,東証,決算,20260630,16325.00,0,32.80,*****,*****,*****,満額,,
20260105,20260107,6857,アドバンテスト,東証,決算,20260331,21175.00,316200,42.40,0.05,1,*****,,,F
20260105,20260107,6859,エスペック,東証,決算,20260331,3320.00,200,6.80,0.00,1,*****,,,F
20260105,20260107,6866,日置電機,東証,決算,20260630,6040.00,0,12.20,*****,*****,*****,満額,,
20260105,20260107,6875,メガチップス,東証,決算,20260331,8070.00,0,16.20,*****,*****,*****,満額,,
20260105,20260107,6902,デンソー,東証,決算,20260331,2180.50,0,4.40,*****,*****,*****,満額,,
20260105,20260107,6905,コーセル,東証,決算,20260220,1070.00,55500,2.20,0.05,1,0.05,,,F
20260105,20260107,6908,イリソ電子工業,東証,決算,20260331,3265.00,0,6.60,*****,*****,*****,満額,,
20260105,20260107,6923,スタンレー電気,東証,決算,20260331,3105.00,0,6.40,*****,*****,*****,満額,,
20260105,20260107,6925,ウシオ電機,東証,決算,20260331,2584.50,29700,5.20,0.10,1,0.05,,,F
20260105,20260107,6926,岡谷電機産業,東証,決算,20260331,198.00,0,1.00,*****,*****,*****,満額,,
20260105,20260107,6941,山一電機,東証,決算,20260331,5880.00,0,11.80,*****,*****,*****,満額,,
20260105,20260107,6947,図研,東証,決算,20260331,4975.00,300,10.00,0.00,1,*****,,,F
20260105,20260107,6952,カシオ計算機,東証,決算,20260331,1290.50,30500,2.60,0.00,1,0.00,,,F
20260105,20260107,6960,フクダ電子,東証,決算,20260331,7720.00,0,15.60,*****,*****,0.05,満額,,
20260105,20260107,6971,京セラ,東証,決算,20260331,2231.50,0,4.60,*****,*****,*****,満額,,
20260105,20260107,6986,双葉電子工業,東証,決算,20260331,592.00,11100,1.20,0.00,1,0.00,,,F
20260105,20260107,6988,日東電工,東証,決算,20260331,3723.00,6500,7.60,0.00,1,0.00,,,F
20260105,20260107,6995,東海理化電機製作所,東証,決算,20260331,3175.00,0,6.40,*****,*****,*****,満額,,
20260105,20260107,6996,ニチコン,東証,決算,20260331,1657.00,72700,3.40,0.10,1,0.05,,,F
20260105,20260107,6997,日本ケミコン,東証,決算,20260331,1503.00,7400,3.20,0.00,1,0.00,,,F
20260105,20260107,7014,名村造船所,東証,決算,20260331,3705.00,47600,7.60,0.00,1,*****,,,F
20260105,20260107,7022,サノヤスＨＤ,東証,決算,20260331,277.00,0,1.00,*****,*****,*****,満額,,
20260105,20260107,7035,ａｎｆａｃ,東証,決算,20260228,208.00,0,2.00,*****,*****,0.05,満額,注意,
20260105,20260107,7048,ベルトラ,東証,決算,20260630,176.00,25900,1.00,0.00,1,0.00,,,F
20260105,20260107,7049,識学,東証,決算,20260228,1009.00,21600,2.20,0.05,1,0.05,,,F
20260105,20260107,7071,アンビス,東証,決算,20260331,461.00,0,1.00,*****,*****,*****,満額,,
20260105,20260107,7092,ＦＦＪ,東証,決算,20260331,2310.00,20900,9.60,0.10,1,0.10,,停止,E
20260105,20260107,7094,ＮｅｘＴｏｎｅ,東証,決算,20260331,1625.00,0,3.40,*****,*****,*****,満額,,
20260105,20260107,7096,ステムセル研究所,東証,決算,20260331,788.00,0,1.60,*****,*****,*****,満額,,
20260105,20260107,7105,三菱ロジスネクスト,東証,決算,20260331,1538.00,9200,6.40,0.05,1,0.05,,停止,F
20260105,20260107,7122,近畿車輛,東証,決算,20260331,2475.00,0,5.00,*****,*****,*****,満額,,
20260105,20260107,7128,ユニソルＨＤ,東証,決算,20260630,2276.00,5800,4.60,0.05,1,0.05,,,F
20260105,20260107,7135,ジャパンクラフトＨＤ,東証,決算,20260630,221.00,54200,1.00,0.00,1,0.00,,,F
20260105,20260107,7157,ライフネット生命保険,東証,決算,20260331,1934.00,18100,4.00,0.05,1,0.05,,,F
20260105,20260107,7164,全国保証,東証,決算,20260331,3126.00,102700,6.40,0.15,1,0.15,,,F
20260105,20260107,7167,めぶきＦＧ,東証,決算,20260331,1071.00,0,2.20,*****,*****,*****,満額,,
20260105,20260107,7172,ＪＩＡ,東証,決算,20260630,1998.00,0,4.00,*****,*****,*****,満額,,
20260105,20260107,7181,かんぽ生命保険,東証,決算,20260331,4828.00,0,9.80,*****,*****,*****,満額,,
20260105,20260107,7182,ゆうちょ銀行,東証,決算,20260331,2276.00,46700,4.60,0.00,1,0.00,,,F
20260105,20260107,7184,富山第一銀行,東証,決算,20260331,1826.00,0,3.80,*****,*****,*****,満額,,
20260105,20260107,7191,イントラスト,東証,決算,20260331,1197.00,0,2.40,*****,*****,*****,満額,,
20260105,20260107,7201,日産自動車,東証,決算,20260331,392.70,295800,1.00,0.00,1,0.00,,,F
20260105,20260107,7202,いすゞ自動車,東証,決算,20260331,2467.50,74300,5.00,0.05,1,0.10,,,F
20260105,20260107,7203,トヨタ自動車,東証,決算,20260331,3399.00,197700,6.80,0.00,1,*****,,,F
20260105,20260107,7222,日産車体,東証,決算,20260331,1045.00,30600,2.20,0.05,1,0.05,,,F
20260105,20260107,7224,新明和工業,東証,決算,20260331,1973.00,0,4.00,*****,*****,*****,満額,,
20260105,20260107,7231,トピー工業,東証,決算,20260331,3155.00,0,6.40,*****,*****,*****,満額,,
20260105,20260107,7236,ティラド,東証,決算,20260331,8190.00,0,16.40,*****,*****,*****,満額,,
20260105,20260107,7240,エヌオーケー,東証,決算,20260331,2854.50,0,5.80,*****,*****,*****,満額,,
20260105,20260107,7241,フタバ産業,東証,決算,20260331,1065.00,0,2.20,*****,*****,*****,満額,,
20260105,20260107,7244,市光工業,東証,決算,20260630,521.00,0,1.20,*****,*****,*****,満額,,
20260105,20260107,7261,マツダ,東証,決算,20260331,1245.50,782800,2.60,0.05,1,0.00,,,F
20260105,20260107,7270,ＳＵＢＡＲＵ,東証,決算,20260331,3445.00,66800,7.00,0.10,1,0.10,,,F
20260105,20260107,7276,小糸製作所,東証,決算,20260331,2336.50,21400,4.80,0.05,1,0.05,,,F
20260105,20260107,7279,ハイレックス,東証,決算,20260430,3205.00,18800,6.60,0.10,1,0.10,,,F
20260105,20260107,7282,豊田合成,東証,決算,20260331,4026.00,0,8.20,*****,*****,*****,満額,,
20260105,20260107,7283,愛三工業,東証,決算,20260331,2285.00,0,4.60,*****,*****,*****,満額,,
20260105,20260107,7294,ヨロズ,東証,決算,20260331,1018.00,5300,2.20,0.00,1,*****,,,F
20260105,20260107,7296,エフ・シー・シー,東証,決算,20260331,3715.00,100,7.60,0.00,1,*****,,,F
20260105,20260107,7305,新家工業,東証,決算,20260331,5060.00,0,10.20,*****,*****,*****,満額,,
20260105,20260107,7313,テイ・エス　テック,東証,決算,20260331,1854.00,22300,3.80,0.05,1,0.05,,,F
20260105,20260107,7337,ひろぎんＨＤ,東証,決算,20260331,1597.00,0,3.20,*****,*****,*****,満額,,
20260105,20260107,7368,表示灯,東証,決算,20260331,1722.00,0,3.60,*****,*****,*****,満額,,
20260105,20260107,7370,Ｅｎｊｉｎ,東証,決算,20260531,819.00,0,1.80,*****,*****,*****,満額,,
20260105,20260107,7381,ＣＣＩグループ,東証,決算,20260331,846.00,65300,1.80,0.05,1,*****,,,F
20260105,20260107,7384,プロクレアＨＤ,東証,決算,20260331,2186.00,0,4.40,*****,*****,*****,満額,,
20260105,20260107,7388,ＦＰパートナー,東証,決算,20260531,2116.00,76800,4.40,0.05,1,0.10,,,E
20260105,20260107,7412,アトム,東証,決算,20260331,551.00,718100,1.20,0.05,1,0.05,,,E
20260105,20260107,7414,小野建,東証,決算,20260331,1425.00,0,3.00,*****,*****,*****,満額,,
20260105,20260107,7421,カッパ・クリエイト,東証,決算,20260331,1538.00,43300,3.20,0.05,1,0.05,,,F
20260105,20260107,7438,コンドーテック,東証,決算,20260331,1561.00,0,3.20,*****,*****,*****,満額,,
20260105,20260107,7442,中山福,東証,決算,20260331,446.00,3200,1.00,0.00,1,*****,,,F
20260105,20260107,7447,ナガイレーベン,東証,決算,20260228,1829.00,14200,3.80,0.05,1,0.00,,,F
20260105,20260107,7459,メディパルＨＤ,東証,決算,20260331,2790.00,0,5.60,*****,*****,*****,満額,,
20260105,20260107,7463,アドヴァングループ,東証,決算,20260331,922.00,1600,2.00,0.05,1,0.00,,,F
20260105,20260107,7472,鳥羽洋行,東証,決算,20260331,4105.00,0,8.40,*****,*****,*****,満額,,
20260105,20260107,7475,アルビス,東証,決算,20260331,2693.00,1400,5.40,0.05,1,0.05,,,F
20260105,20260107,7476,アズワン,東証,決算,20260331,2400.00,6400,4.80,0.05,1,0.05,,,F
20260105,20260107,7480,スズデン,東証,決算,20260331,1689.00,0,3.40,*****,*****,*****,満額,,
20260105,20260107,7487,小津産業,東証,決算,20260531,1780.00,0,3.60,*****,*****,*****,満額,,
20260105,20260107,7504,高速,東証,決算,20260331,2972.00,7700,6.00,0.10,1,0.10,,,F
20260105,20260107,7510,たけびし,東証,決算,20260331,2231.00,0,4.60,*****,*****,*****,満額,,
20260105,20260107,7512,イオン北海道,東証,決算,20260228,909.00,13700,2.00,0.00,1,0.00,,,F
20260105,20260107,7513,コジマ,東証,決算,20260228,1180.00,45400,2.40,0.05,1,0.05,,,F
20260105,20260107,7537,丸文,東証,決算,20260331,1324.00,2800,2.80,0.00,1,0.00,,,F
20260105,20260107,7545,西松屋チェーン,東証,決算,20260220,2075.00,26800,4.20,0.05,1,*****,,,F
20260105,20260107,7551,ウェッズ,東証,決算,20260331,663.00,0,1.40,*****,*****,*****,満額,,
20260105,20260107,7554,幸楽苑,東証,決算,20260331,1138.00,11800,2.40,0.00,1,0.00,,,F
20260105,20260107,7570,橋本総業ＨＤ,東証,決算,20260331,1302.00,2700,2.80,0.05,1,0.05,,,F
20260105,20260107,7595,アルゴグラフィックス,東証,決算,20260331,1594.00,0,3.20,*****,*****,*****,満額,,
20260105,20260107,7599,ＩＤＯＭ,東証,決算,20260228,1282.00,11000,2.60,0.05,1,0.05,,,F
20260105,20260107,7602,レダックス,東証,決算,20260331,167.00,171200,2.00,0.05,1,*****,,注意,C
20260105,20260107,7606,ユナイテッドアローズ,東証,決算,20260331,2423.00,7300,5.00,0.00,1,0.00,,,F
20260105,20260107,7607,進和,東証,決算,20260228,3105.00,1500,6.40,0.00,1,0.00,,,F
20260105,20260107,7613,シークス,東証,決算,20260630,1313.00,0,2.80,*****,*****,*****,満額,,
20260105,20260107,7616,コロワイド,東証,決算,20260331,1760.50,0,3.60,*****,*****,*****,満額,,
20260105,20260107,7628,オーハシテクニカ,東証,決算,20260331,1185.00,8100,2.40,0.05,1,0.05,,,F
20260105,20260107,7630,壱番屋,東証,決算,20260228,915.00,0,2.00,*****,*****,*****,満額,,
20260105,20260107,7637,白銅,東証,決算,20260331,2337.00,2200,4.80,0.00,1,0.00,,,F
20260105,20260107,7638,ＮＥＷ　ＡＲＴ,東証,決算,20260331,1487.00,0,3.00,*****,*****,*****,満額,,
20260105,20260107,7640,トップカルチャー,東証,決算,20260430,216.00,0,2.00,*****,*****,*****,満額,注意,
20260105,20260107,7649,スギホールディングス,東証,決算,20260228,3665.00,3800,7.40,0.00,1,0.00,,,F
20260105,20260107,7678,あさくま,東証,決算,20260131,4845.00,15200,19.60,0.20,1,0.20,,注意,D
20260105,20260107,7702,ジェイ・エム・エス,東証,決算,20260331,443.00,0,1.00,*****,*****,*****,満額,,
20260105,20260107,7709,クボテック,東証,決算,20260331,180.00,0,1.00,*****,*****,*****,満額,,
20260105,20260107,7715,長野計器,東証,決算,20260331,2447.00,0,5.00,*****,*****,*****,満額,,
20260105,20260107,7716,ナカニシ,東証,決算,20260331,1995.00,0,4.00,*****,*****,*****,満額,,
20260105,20260107,7718,スター精密,東証,臨時,20260115,2192.00,0,17.60,*****,*****,*****,満額,停止,
20260105,20260107,7721,東京計器,東証,決算,20260331,5780.00,11200,11.60,0.00,1,*****,,,F
20260105,20260107,7723,愛知時計電機,東証,決算,20260331,2683.00,0,5.40,*****,*****,*****,満額,,
20260105,20260107,7725,インターアクション,東証,決算,20260531,1434.00,5200,3.00,0.05,1,0.05,,,F
20260105,20260107,7726,黒田精工,東証,決算,20260331,985.00,34300,4.00,0.05,1,0.05,,注意,D
20260105,20260107,7727,オーバル,東証,決算,20260331,620.00,0,1.40,*****,*****,*****,満額,,
20260105,20260107,7729,東京精密,東証,決算,20260331,11535.00,0,23.20,*****,*****,*****,満額,,
20260105,20260107,7733,オリンパス,東証,決算,20260331,2034.50,6200,4.20,0.00,1,*****,,,F
20260105,20260107,7734,理研計器,東証,決算,20260331,3165.00,19600,6.40,0.15,1,0.15,,,E
20260105,20260107,7735,ＳＣＲＥＥＮ　ＨＤ,東証,決算,20260331,16000.00,0,32.00,*****,*****,*****,満額,,
20260105,20260107,7741,ＨＯＹＡ,東証,決算,20260331,24120.00,17300,48.40,0.45,1,0.50,,,F
20260105,20260107,7762,シチズン時計,東証,決算,20260331,1286.00,21900,2.60,0.05,1,0.05,,,F
20260105,20260107,7774,Ｊ・ＴＥＣ,東証,決算,20260331,585.00,39100,1.20,0.00,1,0.00,,,E
20260105,20260107,7779,サイバーダイン,東証,決算,20260331,192.00,0,1.00,*****,*****,*****,満額,,
20260105,20260107,7780,メニコン,東証,決算,20260331,1575.00,23900,3.20,0.05,1,0.05,,,F
20260105,20260107,7810,クロスフォー,東証,決算,20260131,147.00,0,1.00,*****,*****,*****,満額,,
20260105,20260107,7814,日本創発グループ,東証,決算,20260331,772.00,207200,1.60,1.60,1,1.60,,,C
20260105,20260107,7817,パラマウントＢＨＤ,東証,決算,20260331,3505.00,6900,14.40,0.15,1,0.10,,停止,F
20260105,20260107,7818,トランザクション,東証,決算,20260228,1130.00,3700,2.40,0.00,1,*****,,,F
20260105,20260107,7821,前田工繊,東証,決算,20260630,1977.00,29400,4.00,0.10,1,0.05,,,F
20260105,20260107,7823,アートネイチャー,東証,決算,20260331,808.00,0,1.80,*****,*****,*****,満額,,
20260105,20260107,7826,フルヤ金属,東証,決算,20260630,3565.00,0,7.20,*****,*****,*****,満額,,
20260105,20260107,7839,ＳＨＯＥＩ,東証,決算,20260331,1787.00,0,3.60,*****,*****,*****,満額,,
20260105,20260107,7840,フランスベッドＨＤ,東証,決算,20260331,1317.00,7800,2.80,0.05,1,0.05,,,F
20260105,20260107,7844,マーベラス,東証,決算,20260331,511.00,44600,1.20,0.05,1,0.05,,,F
20260105,20260107,7846,パイロット,東証,決算,20260630,4780.00,17700,9.60,0.20,1,0.20,,,F
20260105,20260107,7856,萩原工業,東証,決算,20260430,1696.00,91900,3.40,0.05,1,0.05,,,E
20260105,20260107,7859,アルメディオ,東証,決算,20260331,158.00,12300,1.00,0.00,1,*****,,,F
20260105,20260107,7860,エイベックス,東証,決算,20260331,1256.00,36900,2.60,0.05,1,0.05,,,F
20260105,20260107,7864,フジシール,東証,決算,20260331,3155.00,0,6.40,*****,*****,*****,満額,,
20260105,20260107,7885,タカノ,東証,決算,20260331,792.00,0,3.20,*****,*****,*****,満額,注意,
20260105,20260107,7888,三光合成,東証,決算,20260531,899.00,0,1.80,*****,*****,*****,満額,,
20260105,20260107,7897,ホクシン,東証,決算,20260331,111.00,0,1.00,*****,*****,*****,満額,,
20260105,20260107,7914,共同印刷,東証,決算,20260331,1599.00,0,3.20,*****,*****,*****,満額,,
20260105,20260107,7915,ＮＩＳＳＨＡ,東証,決算,20260331,1275.00,6500,2.60,0.00,1,0.00,,,F
20260105,20260107,7916,光村印刷,東証,決算,20260331,1985.00,0,4.00,*****,*****,*****,満額,,
20260105,20260107,7921,ＴＡＫＡＲＡ＆ＣＯ,東証,決算,20260531,4680.00,13700,9.40,0.20,1,0.20,,,F
20260105,20260107,7925,前澤化成工業,東証,決算,20260331,2226.00,30900,9.20,0.05,1,0.05,,注意,F
20260105,20260107,7931,未来工業,東証,決算,20260320,3415.00,1800,7.00,0.00,1,0.00,,,F
20260105,20260107,7942,ジェイ　エス　ピー,東証,決算,20260331,2467.00,39400,5.00,0.05,1,0.05,,,F
20260105,20260107,7943,ニチハ,東証,決算,20260331,3270.00,0,6.60,*****,*****,*****,満額,,
20260105,20260107,7944,ローランド,東証,決算,20260630,3585.00,0,7.20,*****,*****,*****,満額,,
20260105,20260107,7949,小松ウオール工業,東証,決算,20260331,2750.00,0,5.60,*****,*****,*****,満額,,
20260105,20260107,7952,河合楽器製作所,東証,決算,20260331,2750.00,0,5.60,*****,*****,*****,満額,,
20260105,20260107,7955,クリナップ,東証,決算,20260331,863.00,0,1.80,*****,*****,*****,満額,,
20260105,20260107,7962,キングジム,東証,決算,20260620,822.00,220400,3.60,0.05,1,0.05,,注意,D
20260105,20260107,7965,象印マホービン,東証,決算,20260520,1561.00,119300,3.20,0.05,1,0.10,,,D
20260105,20260107,7966,リンテック,東証,決算,20260331,4465.00,0,9.00,*****,*****,*****,満額,,
20260105,20260107,7970,信越ポリマー,東証,決算,20260331,2002.00,10800,4.20,0.00,1,0.00,,,F
20260105,20260107,7971,東リ,東証,決算,20260331,740.00,0,1.60,*****,*****,*****,満額,,
20260105,20260107,7972,イトーキ,東証,決算,20260630,2413.00,1200,5.00,0.00,1,0.05,,,F
20260105,20260107,7976,三菱鉛筆,東証,決算,20260331,2145.00,20900,4.40,0.10,1,0.10,,,E
20260105,20260107,7984,コクヨ,東証,決算,20260630,878.00,92300,1.80,0.05,1,0.05,,,F
20260105,20260107,7988,ニフコ,東証,決算,20260331,4912.00,15900,10.00,0.20,1,0.20,,,F
20260105,20260107,7989,立川ブラインド工業,東証,決算,20260630,1944.00,0,4.00,*****,*****,*****,満額,,
20260105,20260107,7990,グローブライド,東証,決算,20260331,2172.00,10300,4.40,0.05,1,0.05,,,F
20260105,20260107,7994,オカムラ,東証,決算,20260331,2323.00,0,4.80,*****,*****,*****,満額,,
20260105,20260107,7995,バルカー,東証,決算,20260331,4055.00,2500,8.20,0.00,1,0.00,,,F
20260105,20260107,8001,伊藤忠商事,東証,決算,20260331,1999.50,0,4.00,*****,*****,*****,満額,,
20260105,20260107,8005,スクロール,東証,決算,20260331,1373.00,11400,2.80,0.05,1,0.00,,,F
20260105,20260107,8008,ヨンドシーホールディ,東証,決算,20260228,1791.00,1600,3.60,0.00,1,0.00,,,F
20260105,20260107,8011,三陽商会,東証,決算,20260228,3890.00,21000,7.80,0.15,1,0.15,,,F
20260105,20260107,8012,長瀬産業,東証,臨時,20260331,3910.00,0,8.00,*****,*****,*****,満額,,
20260105,20260107,8014,蝶理,東証,決算,20260331,4085.00,0,8.20,*****,*****,*****,満額,,
20260105,20260107,8020,兼松,東証,決算,20260331,1812.50,11300,3.80,0.00,1,*****,,,F
20260105,20260107,8029,ルックＨＤ,東証,決算,20260630,2507.00,11600,10.40,0.05,1,0.05,,注意,F
20260105,20260107,8032,日本紙パルプ商事,東証,決算,20260331,906.00,49600,2.00,0.05,1,0.05,,,F
20260105,20260107,8035,東京エレクトロン,東証,決算,20260331,36930.00,89900,74.00,1.35,1,0.00,,,F
20260105,20260107,8037,カメイ,東証,決算,20260331,3070.00,0,6.20,*****,*****,*****,満額,,
20260105,20260107,8050,セイコーグループ,東証,決算,20260331,7540.00,18300,15.20,0.30,1,0.25,,,F
20260105,20260107,8051,山善,東証,決算,20260331,1493.00,9000,3.00,0.05,1,0.05,,,F
20260105,20260107,8052,椿本興業,東証,決算,20260331,2897.00,0,5.80,*****,*****,*****,満額,,
20260105,20260107,8056,ＢＩＰＲＯＧＹ,東証,決算,20260331,5390.00,6100,10.80,0.00,1,0.00,,,F
20260105,20260107,8060,キヤノンＭＪ,東証,決算,20260630,6937.00,0,14.00,*****,*****,*****,満額,,
20260105,20260107,8070,東京産業,東証,決算,20260331,1015.00,0,2.20,*****,*****,*****,満額,,
20260105,20260107,8078,阪和興業,東証,臨時,20260331,7280.00,0,14.60,*****,*****,*****,満額,,
20260105,20260107,8079,正栄食品工業,東証,決算,20260430,4065.00,3100,8.20,0.10,1,0.10,,,F
20260105,20260107,8084,ＲＹＯＤＥＮ,東証,決算,20260331,3600.00,0,7.20,*****,*****,*****,満額,,
20260105,20260107,8086,ニプロ,東証,決算,20260331,1490.00,47100,3.00,0.05,1,0.05,,,F
20260105,20260107,8097,三愛オブリ,東証,決算,20260331,2100.00,0,4.20,*****,*****,*****,満額,,
20260105,20260107,8098,稲畑産業,東証,決算,20260331,3745.00,4900,7.60,0.10,1,0.10,,,F
20260105,20260107,8101,ＧＳＩクレオス,東証,決算,20260331,2485.00,0,5.00,*****,*****,*****,満額,,
20260105,20260107,8125,ワキタ,東証,決算,20260228,1960.00,0,4.00,*****,*****,*****,満額,,
20260105,20260107,8127,ヤマトインタ,東証,決算,20260228,597.00,92400,2.40,0.05,1,0.05,,注意,D
20260105,20260107,8129,東邦ホールディングス,東証,決算,20260331,4687.00,2600,18.80,0.10,1,0.05,,停止,F
20260105,20260107,8131,ミツウロコＧＨＤ,東証,決算,20260331,2210.00,7900,4.60,0.05,1,0.05,,,F
20260105,20260107,8132,シナネンＨＤ,東証,決算,20260331,6440.00,9800,13.00,0.25,1,0.25,,,D
20260105,20260107,8137,サンワテクノス,東証,決算,20260331,3005.00,0,6.20,*****,*****,*****,満額,,
20260105,20260107,8141,新光商事,東証,決算,20260331,1086.00,4300,2.20,0.00,1,0.05,,,F
20260105,20260107,8151,東陽テクニカ,東証,決算,20260331,1740.00,0,3.60,*****,*****,*****,満額,,
20260105,20260107,8153,モスフードサービス,東証,決算,20260331,4230.00,5100,8.60,0.10,1,0.10,,,F
20260105,20260107,8154,加賀電子,東証,決算,20260331,3915.00,0,8.00,*****,*****,0.05,満額,,
20260105,20260107,8159,立花エレテック,東証,決算,20260331,3125.00,0,6.40,*****,*****,*****,満額,,
20260105,20260107,8160,木曽路,東証,決算,20260331,2534.00,17800,5.20,0.05,1,0.05,,,F
20260105,20260107,8163,ＳＲＳＨＤ,東証,決算,20260331,1211.00,16400,2.60,0.00,1,*****,,,F
20260105,20260107,8165,千趣会,東証,決算,20260630,206.00,605600,1.00,0.05,1,0.05,,,E
20260105,20260107,8167,リテールパートナーズ,東証,決算,20260228,1348.00,0,2.80,*****,*****,*****,満額,,
20260105,20260107,8173,上新電機,東証,決算,20260331,2706.00,12300,5.60,0.10,1,0.10,,,F
20260105,20260107,8179,ロイヤルＨＤ,東証,決算,20260630,1328.00,107100,2.80,0.05,1,0.05,,,F
20260105,20260107,8185,チヨダ,東証,決算,20260228,1089.00,24000,2.20,0.05,1,0.05,,,F
20260105,20260107,8200,リンガーハット,東証,決算,20260228,2280.00,21800,4.60,0.05,1,0.05,,,F
20260105,20260107,8214,ＡＯＫＩＨＤ,東証,決算,20260331,1806.00,0,3.80,*****,*****,*****,満額,,
20260105,20260107,8217,オークワ,東証,決算,20260220,851.00,0,1.80,*****,*****,*****,満額,,
20260105,20260107,8218,コメリ,東証,決算,20260331,3430.00,0,7.00,*****,*****,*****,満額,,
20260105,20260107,8219,青山商事,東証,臨時,20260331,2565.00,0,5.20,*****,*****,*****,満額,,
20260105,20260107,8230,はせがわ,東証,決算,20260331,320.00,0,1.00,*****,*****,*****,満額,,
20260105,20260107,8237,松屋,東証,決算,20260228,1889.00,332800,3.80,0.10,1,0.10,,,D
20260105,20260107,8244,近鉄百貨店,東証,決算,20260228,1860.00,4200,3.80,0.05,1,0.00,,,F
20260105,20260107,8267,イオン,東証,決算,20260228,2485.00,1691300,5.00,0.10,1,0.10,,,F
20260105,20260107,8275,フォーバル,東証,決算,20260331,1181.00,0,2.40,*****,*****,*****,満額,,
20260105,20260107,8276,平和堂,東証,決算,20260220,2882.00,4200,5.80,0.05,1,0.00,,,F
20260105,20260107,8278,フジ,東証,決算,20260228,2125.00,19700,4.40,0.05,1,0.05,,,F
20260105,20260107,8281,ゼビオＨＤ,東証,決算,20260331,1073.00,17000,2.20,0.05,1,0.05,,,F
20260105,20260107,8282,ケーズホールディング,東証,決算,20260331,1619.00,28200,3.40,0.05,1,0.05,,,F
20260105,20260107,8283,ＰＡＬＴＡＣ,東証,決算,20260331,4856.00,0,9.80,*****,*****,0.10,満額,,
20260105,20260107,8289,Ｏｌｙｍｐｉｃグルー,東証,決算,20260228,446.00,0,2.00,*****,*****,*****,満額,注意,
20260105,20260107,8304,あおぞら銀行,東証,決算,20260331,2524.00,1031800,5.20,0.10,1,0.10,,,E
20260105,20260107,8309,三井住友トラストＧ,東証,決算,20260331,4868.00,0,9.80,*****,*****,*****,満額,,
20260105,20260107,8337,千葉興業銀行,東証,決算,20260331,1734.00,0,3.60,*****,*****,*****,満額,,
20260105,20260107,8338,筑波銀行,東証,決算,20260331,414.00,0,1.00,*****,*****,*****,満額,,
20260105,20260107,8346,東邦銀行,東証,決算,20260331,548.00,136600,1.20,0.00,1,*****,,,F
20260105,20260107,8358,スルガ銀行,東証,決算,20260331,1725.00,0,3.60,*****,*****,*****,満額,,
20260105,20260107,8360,山梨中央銀行,東証,決算,20260331,4065.00,0,8.20,*****,*****,0.00,満額,,
20260105,20260107,8362,福井銀行,東証,決算,20260331,2612.00,7200,5.40,0.05,1,0.10,,,F
20260105,20260107,8365,富山銀行,東証,決算,20260331,1970.00,0,8.00,*****,*****,*****,満額,注意,
20260105,20260107,8366,滋賀銀行,東証,臨時,20260331,7360.00,16200,14.80,0.05,1,0.00,,,F
20260105,20260107,8367,南都銀行,東証,臨時,20260331,6020.00,800,12.20,0.00,1,0.00,,,F
20260105,20260107,8368,百五銀行,東証,決算,20260331,1177.00,0,2.40,*****,*****,*****,満額,,
20260105,20260107,8370,紀陽銀行,東証,決算,20260331,3280.00,1200,6.60,0.00,1,*****,,,F
20260105,20260107,8377,ほくほくＦＧ,東証,決算,20260331,4775.00,0,9.60,*****,*****,*****,満額,,
20260105,20260107,8381,山陰合同銀行,東証,決算,20260331,1511.00,0,3.20,*****,*****,*****,満額,,
20260105,20260107,8388,阿波銀行,東証,決算,20260331,4435.00,0,9.00,*****,*****,0.10,満額,,
20260105,20260107,8392,大分銀行,東証,決算,20260331,6630.00,0,13.40,*****,*****,*****,満額,,
20260105,20260107,8393,宮崎銀行,東証,決算,20260331,6590.00,0,13.20,*****,*****,*****,満額,,
20260105,20260107,8418,山口ＦＧ,東証,決算,20260331,2168.00,0,4.40,*****,*****,*****,満額,,
20260105,20260107,8421,信金中央金庫,東証,決算,20260331,191700.00,72,400.00,5.00,1,5.00,,,F
20260105,20260107,8522,名古屋銀行,東証,決算,20260331,4395.00,0,8.80,*****,*****,*****,満額,,
20260105,20260107,8524,北洋銀行,東証,決算,20260331,881.00,119200,1.80,0.00,1,*****,,,F
20260105,20260107,8541,愛媛銀行,東証,決算,20260331,1505.00,0,3.20,*****,*****,*****,満額,,
20260105,20260107,8544,京葉銀行,東証,決算,20260331,1686.00,0,3.40,*****,*****,*****,満額,,
20260105,20260107,8551,北日本銀行,東証,決算,20260331,4535.00,0,9.20,*****,*****,*****,満額,,
20260105,20260107,8562,福島銀行,東証,決算,20260331,270.00,178700,1.00,0.00,1,0.05,,,D
20260105,20260107,8566,リコーリース,東証,決算,20260331,5880.00,3500,11.80,0.20,1,0.10,,,F
20260105,20260107,8570,イオンＦＳ,東証,決算,20260228,1735.50,0,3.60,*****,*****,*****,満額,,
20260105,20260107,8584,ジャックス,東証,決算,20260331,4320.00,0,8.80,*****,*****,*****,満額,,
20260105,20260107,8596,九州リースサービス,東証,決算,20260331,1418.00,0,3.00,*****,*****,*****,満額,,
20260105,20260107,8601,大和証券グループ本社,東証,決算,20260331,1393.00,36800,2.80,0.00,1,*****,,,F
20260105,20260107,8604,野村ホールディングス,東証,決算,20260331,1347.00,0,2.80,*****,*****,*****,満額,,
20260105,20260107,8609,岡三証券グループ,東証,決算,20260331,767.00,9500,1.60,0.00,1,0.00,,,F
20260105,20260107,8613,丸三証券,東証,決算,20260331,1023.00,0,2.20,*****,*****,0.00,満額,,
20260105,20260107,8616,東海東京ＦＨＤ,東証,決算,20260331,704.00,42000,1.60,0.00,1,0.00,,,F
20260105,20260107,8617,光世証券,東証,決算,20260331,466.00,11100,1.00,0.00,1,*****,,,F
20260105,20260107,8622,水戸証券,東証,決算,20260331,560.00,0,1.20,*****,*****,*****,満額,,
20260105,20260107,8624,いちよし証券,東証,決算,20260331,1109.00,40100,2.40,0.05,1,0.05,,,F
20260105,20260107,8628,松井証券,東証,決算,20260331,865.00,40300,1.80,0.05,1,0.00,,,F
20260105,20260107,8630,ＳＯＭＰＯＨＤ,東証,決算,20260331,5432.00,19400,11.00,0.05,1,*****,,,F
20260105,20260107,8697,日本取引所グループ,東証,決算,20260331,1724.50,163700,3.60,0.05,1,0.05,,,F
20260105,20260107,8705,日産証券グループ,東証,決算,20260331,205.00,53700,1.00,0.05,1,0.00,,,F
20260105,20260107,8706,極東証券,東証,決算,20260331,1727.00,0,3.60,*****,*****,*****,満額,,
20260105,20260107,8708,アイザワ証券グループ,東証,決算,20260331,1419.00,27100,3.00,0.05,1,0.05,,,F
20260105,20260107,8713,フィデアＨＤ,東証,決算,20260331,1904.00,0,4.00,*****,*****,*****,満額,,
20260105,20260107,8714,池田泉州ＨＤ,東証,決算,20260331,803.00,0,1.80,*****,*****,*****,満額,,
20260105,20260107,8715,アニコムＨＤ,東証,決算,20260331,1020.00,39800,2.20,0.00,1,0.05,,,F
20260105,20260107,8739,スパークス・グループ,東証,決算,20260331,1609.00,0,3.40,*****,*****,*****,満額,,
20260105,20260107,8750,第一生命ＨＤ,東証,決算,20260331,1334.00,25200,2.80,0.00,1,*****,,,F
20260105,20260107,8771,イー・ギャランティ,東証,決算,20260331,1817.00,900,3.80,0.00,1,0.00,,,F
20260105,20260107,8793,ＮＥＣキャピタル,東証,決算,20260331,4030.00,0,8.20,*****,*****,*****,満額,,
20260105,20260107,8801,三井不動産,東証,決算,20260331,1770.50,198000,3.60,0.00,1,0.00,,,F
20260105,20260107,8802,三菱地所,東証,決算,20260331,3857.00,0,7.80,*****,*****,*****,満額,,
20260105,20260107,8804,東京建物,東証,決算,20260630,3529.00,11200,7.20,0.00,1,0.10,,,F
20260105,20260107,8818,京阪神ビルディング,東証,決算,20260331,1904.00,30600,4.00,0.10,1,0.10,,,E
20260105,20260107,8830,住友不動産,東証,決算,20260331,3903.00,18600,8.00,0.00,1,0.05,,,F
20260105,20260107,8835,太平洋興発,東証,決算,20260331,848.00,0,1.80,*****,*****,*****,満額,,
20260105,20260107,8841,テーオーシー,東証,決算,20260331,845.00,50300,1.80,0.05,1,0.05,,,F
20260105,20260107,8850,スターツコーポ,東証,決算,20260331,4730.00,6300,9.60,0.10,1,0.10,,,F
20260105,20260107,8871,ゴールドクレスト,東証,決算,20260331,3305.00,19800,6.80,0.15,1,0.15,,,F
20260105,20260107,8877,エスリード,東証,決算,20260331,6610.00,0,13.40,*****,*****,*****,満額,,
20260105,20260107,8887,シーラＨＤ,東証,決算,20260531,382.00,0,1.00,*****,*****,*****,満額,,
20260105,20260107,8892,エスコン,東証,決算,20260331,1201.00,8200,2.60,0.00,1,0.05,,,F
20260105,20260107,8917,ファースト住建,東証,決算,20260430,1162.00,0,2.40,*****,*****,*****,満額,,
20260105,20260107,8919,カチタス,東証,決算,20260331,3135.00,0,6.40,*****,*****,*****,満額,,
20260105,20260107,8923,トーセイ,東証,決算,20260531,1705.00,0,3.60,*****,*****,*****,満額,,
20260105,20260107,8951,Ｒ－ビルＦ,東証,決算,20260630,142200.00,0,300.00,*****,*****,*****,満額,,
20260105,20260107,8954,Ｒ－オリックスＦ,東証,決算,20260228,106800.00,0,220.00,*****,*****,*****,満額,,
20260105,20260107,8955,Ｒ－Ｊプライム,東証,決算,20260630,105400.00,1058,220.00,5.00,1,5.00,,,F
20260105,20260107,8957,Ｒ－東急ＲＥ,東証,決算,20260131,205400.00,251,420.00,5.00,1,5.00,,,F
20260105,20260107,8961,Ｒ－森トラスト,東証,決算,20260228,78800.00,252,160.00,5.00,1,5.00,,,F
20260105,20260107,8964,Ｒ－フロンティア,東証,決算,20260630,93200.00,0,200.00,*****,*****,*****,満額,,
20260105,20260107,8966,平和不動産リート投資,東証,決算,20260531,158100.00,0,320.00,*****,*****,*****,満額,,
20260105,20260107,8968,Ｒ－福岡,東証,決算,20260228,189300.00,75,380.00,5.00,1,5.00,,,F
20260105,20260107,8975,いちごオフィスリート,東証,決算,20260430,96300.00,0,200.00,*****,*****,*****,満額,,
20260105,20260107,8976,大和証券オフィス投資,東証,決算,20260531,376000.00,0,760.00,*****,*****,10.00,満額,,
20260105,20260107,8977,Ｒ－阪急阪神,東証,決算,20260531,166500.00,0,340.00,*****,*****,*****,満額,,
20260105,20260107,8984,大和ハウスリート,東証,決算,20260228,143300.00,39,300.00,0.00,1,0.00,,,F
20260105,20260107,8986,Ｒ－大和証券リビング,東証,決算,20260331,114700.00,0,240.00,*****,*****,*****,満額,,
20260105,20260107,8987,Ｒ－エクセレント,東証,決算,20260630,149600.00,102,300.00,5.00,1,5.00,,,F
20260105,20260107,8996,ハウスフリーダム,東証,決算,20260630,919.00,700,2.00,0.00,1,0.00,,,F
20260105,20260107,9003,相鉄ホールディングス,東証,決算,20260331,2836.00,13200,5.80,0.05,1,0.00,,,F
20260105,20260107,9005,東急,東証,決算,20260331,1813.50,66700,3.80,0.10,1,0.05,,,F
20260105,20260107,9006,京浜急行電鉄,東証,決算,20260331,1547.50,6800,3.20,0.05,1,0.00,,,F
20260105,20260107,9007,小田急電鉄,東証,決算,20260331,1720.00,700,3.60,0.00,1,*****,,,F
20260105,20260107,9008,京王電鉄,東証,臨時,20260331,4067.00,0,8.20,*****,*****,*****,満額,,
20260105,20260107,9010,富士急行,東証,決算,20260331,2095.00,0,4.20,*****,*****,*****,満額,,
20260105,20260107,9020,東日本旅客鉄道,東証,決算,20260331,4157.00,11500,8.40,0.00,1,0.00,,,F
20260105,20260107,9022,東海旅客鉄道,東証,決算,20260331,4389.00,0,8.80,*****,*****,*****,満額,,
20260105,20260107,9023,東京地下鉄,東証,決算,20260331,1598.00,360300,3.20,0.00,1,0.05,,,F
20260105,20260107,9024,西武ホールディングス,東証,決算,20260331,4351.00,412300,8.80,0.20,1,0.15,,,E
20260105,20260107,9031,西日本鉄道,東証,決算,20260331,2837.00,7200,5.80,0.05,1,0.05,,,F
20260105,20260107,9037,ハマキョウレックス,東証,決算,20260331,1782.00,0,3.60,*****,*****,*****,満額,,
20260105,20260107,9039,サカイ引越センター,東証,決算,20260331,2895.00,6100,5.80,0.10,1,0.10,,,F
20260105,20260107,9044,南海電気鉄道,東証,決算,20260331,2974.50,19300,6.00,0.10,1,0.05,,,F
20260105,20260107,9046,神戸電鉄,東証,決算,20260331,2501.00,5200,5.20,0.05,1,0.05,,,F
20260105,20260107,9048,名古屋鉄道,東証,決算,20260331,1684.00,0,3.40,*****,*****,*****,満額,,
20260105,20260107,9052,山陽電気鉄道,東証,決算,20260331,2087.00,9400,4.20,0.05,1,0.05,,,F
20260105,20260107,9065,山九,東証,決算,20260331,8676.00,200,17.40,0.00,1,*****,,,F
20260105,20260107,9068,丸全昭和運輸,東証,決算,20260331,8850.00,12400,17.80,0.35,1,0.30,,,D
20260105,20260107,9069,センコーグループＨＤ,東証,決算,20260331,1976.00,0,4.00,*****,*****,*****,満額,,
20260105,20260107,9072,ニッコンＨＤ,東証,決算,20260331,3462.00,9600,7.00,0.05,1,*****,,,F
20260105,20260107,9075,福山通運,東証,決算,20260331,4470.00,1500,9.00,0.00,1,0.00,,,F
20260105,20260107,9110,ＮＳユナイテッド海運,東証,決算,20260331,6150.00,0,12.40,*****,*****,*****,満額,,
20260105,20260107,9119,飯野海運,東証,決算,20260331,1432.00,14100,3.00,0.05,1,0.05,,,F
20260105,20260107,9147,ＮＸＨＤ,東証,決算,20260630,3383.00,0,6.80,*****,*****,*****,満額,,
20260105,20260107,9160,ノバレーゼ,東証,決算,20260630,311.00,138600,1.00,0.05,1,0.05,,,D
20260105,20260107,9201,ＪＡＬ,東証,決算,20260331,2946.50,0,6.00,*****,*****,*****,満額,,
20260105,20260107,9216,ビーウィズ,東証,決算,20260531,1640.00,0,3.40,*****,*****,*****,満額,,
20260105,20260107,9218,メンタルヘルスＴ,東証,決算,20260630,813.00,66000,1.80,0.05,1,0.05,,,D
20260105,20260107,9219,ギックス,東証,決算,20260630,985.00,0,2.00,*****,*****,*****,満額,,
20260105,20260107,9227,マイクロ波化学,東証,決算,20260630,607.00,26200,2.80,0.05,1,0.05,,注意,E
20260105,20260107,9267,ゲンキードラッグ,東証,決算,20260620,4940.00,5900,10.00,0.10,1,0.10,,,F
20260105,20260107,9268,オプティマス,東証,決算,20260331,357.00,0,1.00,*****,*****,*****,満額,,
20260105,20260107,9270,バリュエンスＨＤ,東証,決算,20260228,1088.00,0,2.20,*****,*****,*****,満額,,
20260105,20260107,9273,コーア商事ＨＤ,東証,決算,20260630,854.00,0,1.80,*****,*****,*****,満額,,
20260105,20260107,9274,ＫＰＰグループＨＤ,東証,決算,20260331,836.00,18500,1.80,0.05,1,0.05,,,F
20260105,20260107,9278,ブックオフＧＨＤ,東証,決算,20260531,1472.00,27300,3.00,0.05,1,0.05,,,F
20260105,20260107,9301,三菱倉庫,東証,決算,20260331,1221.00,0,2.60,*****,*****,*****,満額,,
20260105,20260107,9302,三井倉庫ＨＤ,東証,決算,20260331,3854.00,15800,7.80,0.10,1,0.05,,,F
20260105,20260107,9303,住友倉庫,東証,決算,20260331,3580.00,0,7.20,*****,*****,0.00,満額,,
20260105,20260107,9304,澁澤倉庫,東証,決算,20260331,1285.00,600,2.60,0.00,1,0.05,,,F
20260105,20260107,9308,乾汽船,東証,決算,20260331,1406.00,36700,3.00,0.05,1,0.05,,,F
20260105,20260107,9324,安田倉庫,東証,決算,20260331,2216.00,3100,4.60,0.05,1,*****,,,F
20260105,20260107,9332,ＮＩＳＳＯＨＤ,東証,決算,20260331,708.00,0,1.60,*****,*****,*****,満額,,
20260105,20260107,9336,大栄環境,東証,決算,20260331,3915.00,11600,8.00,0.15,1,0.15,,,F
20260105,20260107,9347,日本管財ＨＤ,東証,決算,20260331,2778.00,15100,5.60,0.10,1,0.10,,,F
20260105,20260107,9364,上組,東証,決算,20260331,5144.00,0,10.40,*****,*****,*****,満額,,
20260105,20260107,9380,東海運,東証,決算,20260331,381.00,0,1.00,*****,*****,*****,満額,,
20260105,20260107,9401,ＴＢＳＨＤ,東証,決算,20260331,5823.00,22000,11.80,0.20,1,0.20,,,F
20260105,20260107,9404,日本テレビＨＤ,東証,決算,20260331,3786.00,44700,7.60,0.15,1,0.15,,,F
20260105,20260107,9405,朝日放送グループＨＤ,東証,決算,20260331,848.00,0,1.80,*****,*****,*****,満額,,
20260105,20260107,9409,テレビ朝日ＨＤ,東証,決算,20260331,3310.00,0,6.80,*****,*****,*****,満額,,
20260105,20260107,9414,日本ＢＳ放送,東証,決算,20260228,1009.00,0,2.20,*****,*****,*****,満額,,
20260105,20260107,9417,スマートバリュー,東証,決算,20260630,402.00,7000,1.00,0.00,1,0.00,,,F
20260105,20260107,9428,クロップス,東証,決算,20260331,1390.00,0,2.80,*****,*****,*****,満額,,
20260105,20260107,9433,ＫＤＤＩ,東証,決算,20260331,2733.50,0,5.60,*****,*****,*****,満額,,
20260105,20260107,9435,光通信,東証,決算,20260331,44450.00,3900,89.00,0.85,1,0.00,,,F
20260105,20260107,9436,沖縄セルラー電話,東証,決算,20260331,2876.00,3300,5.80,0.05,1,0.05,,,F
20260105,20260107,9441,ベルパーク,東証,決算,20260630,2648.00,300,5.40,0.00,1,0.05,,,F
20260105,20260107,9467,アルファポリス,東証,決算,20260331,1597.00,0,3.20,*****,*****,*****,満額,,
20260105,20260107,9468,ＫＡＤＯＫＡＷＡ,東証,決算,20260331,3126.00,0,6.40,*****,*****,*****,満額,,
20260105,20260107,9470,学研ホールディングス,東証,決算,20260331,1084.00,5200,2.20,0.05,1,0.05,,,F
20260105,20260107,9474,ゼンリン,東証,決算,20260331,1052.00,4300,2.20,0.00,1,0.00,,,F
20260105,20260107,9502,中部電力,東証,決算,20260331,2440.00,0,5.00,*****,*****,*****,満額,,
20260105,20260107,9504,中国電力,東証,決算,20260331,1001.50,0,2.20,*****,*****,*****,満額,,
20260105,20260107,9505,北陸電力,東証,決算,20260331,985.80,0,2.00,*****,*****,*****,満額,,
20260105,20260107,9507,四国電力,東証,決算,20260331,1577.50,163400,3.20,0.05,1,0.10,,,F
20260105,20260107,9511,沖縄電力,東証,決算,20260331,1115.00,0,2.40,*****,*****,*****,満額,,
20260105,20260107,9531,東京瓦斯,東証,決算,20260331,6259.00,7100,12.60,0.15,1,*****,,,F
20260105,20260107,9532,大阪瓦斯,東証,決算,20260331,5440.00,32600,11.00,0.15,1,0.15,,,F
20260105,20260107,9533,東邦瓦斯,東証,決算,20260331,4683.00,100,9.40,0.00,1,0.00,,,F
20260105,20260107,9535,広島ガス,東証,決算,20260331,380.00,27800,1.00,0.05,1,*****,,,F
20260105,20260107,9536,西部ガスＨＤ,東証,決算,20260331,2239.00,18600,4.60,0.05,1,0.05,,,F
20260105,20260107,9551,メタウォーター,東証,決算,20260331,3410.00,19600,7.00,0.15,1,0.10,,,F
20260105,20260107,9552,クオンツ総研ＨＤ,東証,決算,20260331,1107.00,57100,2.40,0.00,1,0.05,,,F
20260105,20260107,9553,マイクロアド,東証,決算,20260331,676.00,36500,1.40,0.00,1,0.05,,,F
20260105,20260107,9560,プログリット,東証,決算,20260228,972.00,0,2.00,*****,*****,*****,満額,,
20260105,20260107,9601,松竹,東証,決算,20260228,11960.00,0,24.00,*****,*****,*****,満額,,
20260105,20260107,9605,東映,東証,決算,20260331,5460.00,1100,11.00,0.10,1,0.10,,,F
20260105,20260107,9619,イチネンＨＤ,東証,決算,20260331,2146.00,0,4.40,*****,*****,*****,満額,,
20260105,20260107,9621,建設技術研究所,東証,決算,20260630,2975.00,6200,6.00,0.00,1,0.00,,,F
20260105,20260107,9627,アインＨＤ,東証,決算,20260430,6628.00,0,13.40,*****,*****,*****,満額,,
20260105,20260107,9663,ナガワ,東証,決算,20260331,6210.00,13500,12.60,0.25,1,0.25,,,E
20260105,20260107,9678,カナモト,東証,決算,20260131,3980.00,0,8.00,*****,*****,*****,満額,,
20260105,20260107,9682,ＤＴＳ,東証,決算,20260331,1243.00,0,2.60,*****,*****,*****,満額,,
20260105,20260107,9684,スクエニＨＤ,東証,決算,20260331,2879.00,0,5.80,*****,*****,*****,満額,,
20260105,20260107,9708,帝国ホテル,東証,決算,20260331,1236.00,8000,2.60,0.00,1,*****,,,F
20260105,20260107,9715,トランス・コスモス,東証,決算,20260331,3855.00,0,7.80,*****,*****,*****,満額,,
20260105,20260107,9716,乃村工藝社,東証,決算,20260228,1317.00,0,2.80,*****,*****,0.00,満額,,
20260105,20260107,9722,藤田観光,東証,決算,20260331,2572.00,182100,5.20,0.10,1,0.10,,,E
20260105,20260107,9740,セントラル警備保障,東証,決算,20260228,3045.00,11600,6.20,0.15,1,0.15,,,F
20260105,20260107,9742,アイネス,東証,決算,20260331,1952.00,2800,4.00,0.05,1,0.05,,,F
20260105,20260107,9743,丹青社,東証,決算,20260131,1567.00,0,3.20,*****,*****,*****,満額,,
20260105,20260107,9746,ＴＫＣ,東証,決算,20260331,4200.00,7600,8.40,0.15,1,0.10,,,F
20260105,20260107,9755,応用地質,東証,決算,20260331,2764.00,0,5.60,*****,*****,*****,満額,,
20260105,20260107,9757,船井総研ＨＤ,東証,決算,20260630,1144.00,0,2.40,*****,*****,*****,満額,,
20260105,20260107,9760,進学会ＨＤ,東証,決算,20260331,161.00,6200,1.00,0.00,1,0.00,,,F
20260105,20260107,9765,オオバ,東証,決算,20260228,1121.00,0,2.40,*****,*****,*****,満額,,
20260105,20260107,9788,ナック,東証,決算,20260331,545.00,0,1.20,*****,*****,*****,満額,,
20260105,20260107,9790,福井コンピュータＨＤ,東証,決算,20260331,3135.00,0,6.40,*****,*****,*****,満額,,
20260105,20260107,9795,ステップ,東証,決算,20260331,2454.00,0,5.00,*****,*****,*****,満額,,
20260105,20260107,9824,泉州電業,東証,決算,20260430,5450.00,8900,11.00,0.00,1,0.00,,,F
20260105,20260107,9831,ヤマダＨＤ,東証,決算,20260331,524.70,1400,1.20,0.00,1,*****,,,F
20260105,20260107,9832,オートバックスセブン,東証,決算,20260331,1635.00,400,3.40,0.00,1,0.05,,,F
20260105,20260107,9842,アークランズ,東証,決算,20260228,1889.00,27900,3.80,0.05,1,0.05,,,F
20260105,20260107,9850,グルメ杵屋,東証,決算,20260331,975.00,74300,2.00,0.05,1,0.05,,,F
20260105,20260107,9856,ケーユーＨＤ,東証,決算,20260331,1225.00,0,2.60,*****,*****,*****,満額,,
20260105,20260107,9869,加藤産業,東証,決算,20260331,6580.00,9400,13.20,0.25,1,0.25,,,F
20260105,20260107,9872,北恵,東証,決算,20260520,908.00,20800,2.00,0.05,1,0.05,,,D
20260105,20260107,9887,松屋フーズＨＤ,東証,決算,20260331,6480.00,0,13.00,*****,*****,*****,満額,,
20260105,20260107,9900,サガミＨＤ,東証,決算,20260331,1878.00,3700,3.80,0.05,1,0.05,,,F
20260105,20260107,9902,日伝,東証,決算,20260331,2580.00,9800,5.20,0.00,1,0.00,,,F
20260105,20260107,9903,カンセキ,東証,決算,20260228,885.00,0,1.80,*****,*****,*****,満額,,
20260105,20260107,9913,日邦産業,東証,決算,20260331,2810.00,0,5.80,*****,*****,*****,満額,,
20260105,20260107,9928,ミロク情報サービス,東証,決算,20260331,1990.00,0,4.00,*****,*****,*****,満額,,
20260105,20260107,9932,杉本商事,東証,決算,20260331,1422.00,0,3.00,*****,*****,*****,満額,,
20260105,20260107,9934,因幡電機産業,東証,決算,20260331,2583.50,0,5.20,*****,*****,*****,満額,,
20260105,20260107,9946,ミニストップ,東証,決算,20260228,2151.00,51900,4.40,0.05,1,0.05,,,F
20260105,20260107,9948,アークス,東証,決算,20260228,3370.00,200,6.80,0.00,1,0.00,,,F
20260105,20260107,9959,アシードＨＤ,東証,決算,20260331,776.00,0,1.60,*****,*****,*****,満額,,
20260105,20260107,9962,ミスミグループ本社,東証,決算,20260331,2505.00,20800,5.20,0.05,1,0.05,,,F
20260105,20260107,9979,大庄,東証,決算,20260228,1167.00,93700,2.40,0.05,1,0.05,,,F
20260105,20260107,9983,ファーストリテイリン,東証,決算,20260228,57180.00,153900,114.40,2.20,1,1.95,,,D
20260105,20260107,9987,スズケン,東証,決算,20260331,6216.00,11200,12.60,0.15,1,0.15,,,F
20260105,20260107,9990,サックスバー　ＨＤ,東証,決算,20260331,786.00,0,1.60,*****,*****,*****,満額,,
20260105,20260107,9996,サトー商会,東証,決算,20260331,2300.00,0,4.60,*****,*****,*****,満額,,
